商家UID,商家名称,collection_time,id,desc,create_time,text_extra,nickname,digg_count,comment_count,collect_count,share_count,tag,转录文本,share_url,has_transcript,video_duration,video_type,create_timestamp
1766274232759290,南宁欧米德资门窗厂,2025-08-25 17:02:44,7402518169413373220,南宁投资500万的佛山品牌门窗工厂 ...窗定制 #南宁封阳台 #欧米德资门窗,2024-08-13 15:11:22,"['南宁门窗', '南宁门窗厂家', '南宁门窗定制', '南宁封阳台', '欧米德资门窗']",南宁欧米德资门窗厂,696,84,296,142,"['居家', '装修设计', '家装主材']",全南宁要封创的业主看过来。 这是我投资500万。 占地6000平。 正宗广东佛山。 欧米德兹门窗品牌工厂。 嗨 大家好。 我是欧米德兹品牌负责人林姐。 那有人问。 你们门窗工厂。 跟南宁其他工厂。 有什么不一样。 好 今天我们来比一比。 第一 比产品。 除了市面上能见到的平开窗。 普通六轨推拉窗。 推拉门。 我们这里还有6.0后的八轨推拉窗。 通风面积可达到三分之二。 主打的一个就是安全超级通风。 并且我们的玻璃。 还有十年内免费更换的服务。 第二 比安装。 我们给中单业主。 全部采用美国安德森的。 五道防水安装标准。 不搞所谓稀头八脑的终身之宝。 消费者直接面对工厂。 真正的享受佛山的产品。 质量和服务。 第三 比实力。 我们工厂6000平。 库存几百吨铝材。 还有2000平的门窗转机。 市面上各时各样的。 门窗款式我们都有。 直接对接工厂。 一平方也给你批发价。 花少钱让你享受。 高品质的门窗和服务。 在蓝陵要风仓的业主朋友们。 欢迎来找我。,https://www.douyin.com/video/7402518169413373220,True,00:01:10,视频,1723533082
1766274232759290,南宁欧米德资门窗厂,2025-08-25 17:02:44,7403250774173617427,6.0壁厚的八轨推拉窗你见过吗 #南...厂家 #南宁门窗工厂 #欧米德资门窗,2024-08-15 14:34:17,"['南宁门窗', '南宁门窗定制', '南宁门窗厂家', '南宁门窗工厂', '欧米德资门窗']",南宁欧米德资门窗厂,99,4,32,28,"['居家', '装修设计', '家装主材']",2.0后的六轨天拉窗你见多了 你见过6.0后的八轨天拉窗吗 我们这款八轨天拉窗相比传统的天拉窗有以下几点升级。 第一安全性相比2.0 3.0后的这款6.0后的安全性能大大提升 第二通风面积普通六轨天拉窗只。 能打开50%我们这款八轨天拉窗可达到75%的通风面积 夏天的晚上您都可以不用开工条 第三颜值更高。 三扇重叠 没有反手的框扇遮挡 让你的视野更通透 我们还采用的是美国安德森的五道防水安装工艺 您不用再担心露出。 南宁想要风扬他的业主朋友们欢迎来找我。,https://www.douyin.com/video/7403250774173617427,True,00:00:44,视频,1723703657
1766274232759290,南宁欧米德资门窗厂,2025-08-25 17:02:44,7404696557909560602,全南宁通风面积非常大的推拉窗 #南...窗厂家 #南宁封阳台 #欧米德资门窗,2024-08-19 12:04:43,"['南宁门窗', '南宁门窗定制', '南宁门窗厂家', '南宁封阳台', '欧米德资门窗']",南宁欧米德资门窗厂,81,6,29,21,"['居家', '装修设计', '家装主材']",这个是全蓝灵通风面积非常大的推拉窗了。 我们这款推拉窗的通风面积达到75%超大的通风视野 可以说全蓝灵只有我们人生产。 铝材厚度达到6 0对比传统的2 0 3 0后的推拉窗 安全性能大大提升 我们这款窗装卫。 5米以上的大阳台量身定制 10米长的阳台都不会摇晃 而且我们还采用的是美国安德森的五道防水安装工艺。 您不用再担心漏水问题 蓝林最近准备封阳台的业主朋友们欢迎来找我。,https://www.douyin.com/video/7404696557909560602,True,00:00:34,视频,1724040283
1766274232759290,南宁欧米德资门窗厂,2025-08-25 17:02:44,7405875542085455142,挑战全南宁非常严格的门窗安装标准...窗厂家 #南宁封阳台 #欧米德资门窗,2024-08-22 16:19:37,"['南宁门窗', '南宁门窗定制', '南宁门窗厂家', '南宁封阳台', '欧米德资门窗']",南宁欧米德资门窗厂,56,2,15,16,"['居家', '装修设计', '家装主材']",挑战全南宁非常严格的门窗安装标准。 今天带大家看一下我们欧米德兹所采用的。 美国安德森的五道防水安装工艺。 第一道防水。 我们会在您装框的地台上刷一道德高防水。 传统的是需要业主自费的。 第二道我们会在窗框底下填塞门窗专用。 防水抗裂沙浆。 这比传统的水泥我们的防水性能更好。 不易开裂。 这边是我们市面上的普通水泥。 现在已经被水浸湿了。 我们右侧采用的是门窗专用的防水沙浆。 现在都是干透透的。 第三我们外侧采用不锈钢防水处理。 不锈钢吧。 不急。 可以防水。 还可以起到美化安全的作用。 时装会老化。 会空谷容易脱落。 第四道我们会在不锈钢板跟窗框之间。 打一道结构防水胶。 防止雨水倒灌。 第五道我们会在玻璃和框架之内填塞微发泡胶。 可以防止玻璃晃动产生的滞暴。 而且防水性能更好。 南宁最近准备封阳台的业主朋友们。 欢迎来工厂找我。,https://www.douyin.com/video/7405875542085455142,True,00:01:05,视频,1724314777
1766274232759290,南宁欧米德资门窗厂,2025-08-25 17:02:44,7406270957351931174,欧米德资门窗参展南宁家博会 一平...窗厂家 #南宁封阳台 #欧米德资门窗,2024-08-23 17:54:05,"['南宁门窗', '南宁门窗定制', '南宁门窗厂家', '南宁封阳台', '欧米德资门窗']",南宁欧米德资门窗厂,83,4,5,3,"['随拍', '生活记录', '日常vlog']",佛山正宗的品牌门窗就在南宁汇展中心。 粉丝朋友们好。 我们欧米德兹受邀南宁家博会了。 我们欧米德兹是佛山正宗品牌门窗工厂。 工厂直接对接业主。 一平方米是批发价。 8月23至25号。 我在B1展区186号等您。,https://www.douyin.com/video/7406270957351931174,True,00:00:18,视频,1724406845
1766274232759290,南宁欧米德资门窗厂,2025-08-25 17:02:44,7405876013126798618,10米阳台都不会晃动的八轨推拉窗 #...窗厂家 #南宁封阳台 #欧米德资门窗,2024-08-24 12:25:00,"['南宁门窗', '南宁门窗定制', '南宁门窗厂家', '南宁封阳台', '欧米德资门窗']",南宁欧米德资门窗厂,114,1,12,6,"['居家', '装修设计', '家装主材']",为什么我们这款八轨推拿窗可以做到10米的阳台都不晃动。 第一 我们的铝材采用6.63-T5的原生铝。 厚度达到6.0。 台风来了都稳如泰山。 第二 我们的铝材宽度有21公分。 传统的推拿窗只有十几公分。 那么材料越宽稳度越好。 而且我们采用的是美国安德森的五道防水工艺。 您不用再担心漏水问题。 来您最近准备丰阳台的业主朋友们。 欢迎您在评论区留下您的小新闻。,https://www.douyin.com/video/7405876013126798618,True,00:00:31,视频,1724473500
1766274232759290,南宁欧米德资门窗厂,2025-08-25 17:02:44,7407761291265232178,南宁本地的价格买到正宗的佛山门窗...窗厂家 #南宁封阳台 #欧米德资门窗,2024-08-27 18:17:19,"['南宁门窗', '南宁门窗定制', '南宁门窗厂家', '南宁封阳台', '欧米德资门窗']",南宁欧米德资门窗厂,747,124,261,63,"['居家', '装修设计', '家装主材']",南宁本地的价格也能买到佛山正宗的品牌门窗。 你敢相信吗。 这里是佛山欧米德兹门窗。 在广西六千平方的门窗工厂。 大家好。 我是宁姐。 今天带大家看一下我们的门窗工厂。 这是我们的开料区。 我们的门窗都是国际高精密机器切出来的。 这边是。 我们的拼组区。 宁家的门窗就是在这里拼组出来的。 这是我们的打包区。 我们的门窗都是采用加厚的打包膜进行打包。 避免在运输的过程中产生刮伤。 这边是我们的成品区。 都是准备要发货的。 这一片都是我们即将要发走要去安装的。 这一片都是我们的女才区。 我们的女才的快乐。 库存有好几百吨。 这是我们2000平的门窗展厅。 我们除了市面上流行的六轨推拉窗。 平开窗。 还有这款6.0厚通风面积达到75%的八轨推拉窗。 安全通风视野一把刷。 南宁最近准备封阳台的业主朋友们。 欢迎来工厂找我。,https://www.douyin.com/video/7407761291265232178,True,00:00:59,视频,1724753839
1766274232759290,南宁欧米德资门窗厂,2025-08-25 17:02:44,7408869304126426406,家博会结束啦 业主们最喜欢我们这...窗厂家 #南宁封阳台 #阿铝八八门窗,2024-08-30 17:57:06,"['南宁门窗', '南宁门窗定制', '南宁门窗厂家', '南宁封阳台', '阿铝八八门窗']",南宁欧米德资门窗厂,12,-1,1,5,"['居家', '装修设计', '家装主材']",前几天我们参加了南宁家破会。 已经顺利结束了。 感谢朋友们对我们的所有的支持。 那么在展会现场。 最受欢迎的就是我们这款八轨推拉窗。 10米的阳台。 在高楼层上也不用担心摇晃安全问题。 第三 三扇重叠。 没有多余的框扇遮挡 颜值更高。 错过了家破会也没关系。 来找临姐封窗。 一平方还是给你批发价。 我们的工厂就在快环间的市场对面。 最近准备封阳台的业主朋友们。 欢迎来找我。,https://www.douyin.com/video/7408869304126426406,True,00:00:38,视频,1725011826
1766274232759290,南宁欧米德资门窗厂,2025-08-25 17:02:44,7409983490252377381,我们的门窗全广西包配送包安装 #南...窗厂家 #南宁封阳台 #欧米德资门窗,2024-09-02 18:00:37,"['南宁门窗', '南宁门窗定制', '南宁门窗厂家', '南宁封阳台', '欧米德资门窗']",南宁欧米德资门窗厂,10,1,2,1,"['居家', '装修设计', '家装主材']",有粉丝问我 你们宾阳包安装吗 那我跟你说 我们欧米得知 针对全广西所有的县城及市里面都是可以包安装包配送的。 不仅如此 我们欧米得知所有的产品都是终身之宝 并且给大家采用的都是美国安德森的五道防水安装工艺 您再也不用担心漏水问题。 更重要的是我们产品质量有保障 我们这里除了市面上流行的各类门窗以外 还有6 0b后 通风面积达到75%的八轨配搭窗。 可以做到10米的阳台都不晃动 来 您最近准备封阳台的业主朋友们欢迎来找我。,https://www.douyin.com/video/7409983490252377381,True,00:00:37,视频,1725271237
1766274232759290,南宁欧米德资门窗厂,2025-08-25 17:02:44,7410727418937363750,8月总结 #南宁门窗 #南宁门窗定制 ...窗厂家 #南宁封阳台 #欧米德资门窗,2024-09-04 18:07:32,"['南宁门窗', '南宁门窗定制', '南宁门窗厂家', '南宁封阳台', '欧米德资门窗']",南宁欧米德资门窗厂,13,2,1,-1,"['居家', '装修设计', '家装主材']",8月份已经过去了。 我们这个月服务的中单业主有400多位。 其中有50%的都是抖音粉丝过来的。 其中包括我们青山福小区。 西元 建发养院等。 在兰宁这边的话。 我们基本上是每个小区都有我们的一个封城案例。 粉丝朋友们除了喜欢我们这款。 还有我们这款。 无缝焊接工艺的落地平开窗。 这款无缝平开窗采用2.0B后的铝材。 6个枪底结构。 并且在沉重位加厚了。 变成了4.0。 可以承受几千斤。 高楼层风大玻璃。 台风来了都稳如泰山。 我们的沙扇和波扇都采用无缝工艺。 不用担心善业解体 高空坠落。 并且隔音隔热防水效果更好。 颜值更高。 兰宁这间准备封阳台的夜总朋友们。 欢迎来工厂找我。,https://www.douyin.com/video/7410727418937363750,True,00:00:50,视频,1725444452
1766274232759290,南宁欧米德资门窗厂,2025-08-25 17:02:44,7411409605592419621,带大家看下我们的展厅 #南宁门窗 #...宁门窗厂家 #南宁封阳台 #欧米德资,2024-09-07 12:15:00,"['南宁门窗', '南宁门窗定制', '南宁门窗厂家', '南宁封阳台', '欧米德资']",南宁欧米德资门窗厂,133,1,3,2,"['居家', '装修设计', '家装主材']",有很多粉丝朋友都喜欢我们那款6.0后的八轨贴大窗。 其实呀 我们门庄工厂。 经营了非常多的其他款式门庄。 今天带大家看一下我们的展厅。 这款就是非常受欢迎的八轨贴大窗。 通风面积可达到75%。 这款就是安全系数非常高的落地平开窗。 这款是。 通风气密衣把抓的提升推拉门。 这款是。 重型推拉门。 这款是。 百分百通风的电动提升窗。 这款是。 六轨推拉窗。 通风面积可达到50%。 我们这款平开窗。 它的开启晒液可以做到落地式的平开门。 这边是我们的防盗门和卫生间门区。 这边是。 我们美国安德森的五道防水安装工艺的展示台。 蓝林最近准备风扬台的业主朋友们。 欢迎来我工厂看看。,https://www.douyin.com/video/7411409605592419621,True,00:00:47,视频,1725682500
1766274232759290,南宁欧米德资门窗厂,2025-08-25 17:02:44,7412950975608114495,买门窗为什么选本地工厂直营 #南宁...窗厂家 #南宁封阳台 #欧米德资门窗,2024-09-10 17:55:58,"['南宁门窗', '南宁门窗定制', '南宁门窗厂家', '南宁封阳台', '欧米德资门窗']",南宁欧米德资门窗厂,235,38,73,36,"['居家', '装修设计', '家装主材']",在南宁买门窗 为什么要选工厂直营 第一 我们的产品更好 我们是佛山一线品牌 欧米得资 在广西的正牌授权工厂。 我们这里有币号6.0通风面积达到75%的八轨天窗 第二 我们价格更优惠 我们是工厂直接对购。 一间业主没有中间商赚差价 第三 我们服务更加有保障 我们门窗安装都采用的是美国安德森的五道防水安装工艺 并且可以终身自保。 让你用得更放心 南宁最近准备风扬台的业主朋友们 欢迎来工厂找我。,https://www.douyin.com/video/7412950975608114495,True,00:00:38,视频,1725962158
1766274232759290,南宁欧米德资门窗厂,2025-08-25 17:02:44,7413293165022629174,在南宁装修买门窗一定要看这里！品质优良，品质保证！,2024-09-11 16:03:46,[],南宁欧米德资门窗厂,51,2,23,8,"['居家', '装修设计', '家装主材']",全南宁要封创的业主看过来。 这是我投资500万。 占地6000平。 正宗广东佛山。 欧米德兹门窗品牌工厂。 嗨 大家好。 我是欧米德兹品牌负责人林姐。 那有人问。 你们门窗工厂。 跟南宁其他工厂。 有什么不一样。 好 今天我们来比一比。 第一 比产品。 除了市面上能见到的平开窗。 普通六轨推拉窗。 推拉门。 我们这里还有6.0后的八轨推拉窗。 通风面积可达到三分之二。 主打的一个就是安全超级通风。 并且我们的玻璃。 还有十年内免费更换的服务。 第二 比安装。 我们给中单业主。 全部采用美国安德森的。 五道防水安装标准。 不搞所谓稀头八脑的终身之宝。 消费者直接面对工厂。 真正的享受佛山的产品。 质量和服务。 第三 比实力。 我们工厂6000平。 库存几百吨铝材。 还有2000平的门窗转机。 市面上各时各样的。 门窗款式我们都有。 直接对接工厂。 一平方也给你批发价。 花少钱让你享受。 高品质的门窗和服务。 在蓝陵要风仓的业主朋友们。 欢迎来找我。,https://www.douyin.com/video/7413293165022629174,True,00:01:10,视频,1726041826
1766274232759290,南宁欧米德资门窗厂,2025-08-25 17:02:44,7415918095178517799,国庆活动来袭 感兴趣的朋友千万别...窗厂家 #南宁封阳台 #欧米德资门窗,2024-09-18 17:49:57,"['南宁门窗', '南宁门窗定制', '南宁门窗厂家', '南宁封阳台', '欧米德资门窗']",南宁欧米德资门窗厂,112,9,26,23,"['居家', '装修设计', '家装主材']",迎中秋庆国庆 南宁最近准备疯洋的的业主朋友们 一定不要错过我们这次活动 我们展厅所有的产品都在批发家的基础上。 再给大家优惠100元一个平方 并且赠送价值150块钱一瓶的美国安德森的五道防水安装工艺 这次活动我们也没打算挣什么钱。 主要就是回馈粉丝 完成总部的一个业绩量 只为赚口碑 活动名额有限 如果有需求的业主朋友们 一定要赶紧联系我 赶紧下单。,https://www.douyin.com/video/7415918095178517799,True,00:00:30,视频,1726652997
1766274232759290,南宁欧米德资门窗厂,2025-08-25 17:02:44,7416664815717977384,为什么这么多业主都选择我们 #南宁...窗厂家 #南宁封阳台 #欧米德资门窗,2024-09-21 12:10:00,"['南宁门窗', '南宁门窗定制', '南宁门窗厂家', '南宁封阳台', '欧米德资门窗']",南宁欧米德资门窗厂,86,10,15,33,"['居家', '装修设计', '家装主材']",我们三个月服务了500多户终端业主。 比如说我们的建发 养云 江南中心。 还有万科很多楼盘。 都有我们的一个封窗案例。 那么为什么会有这么多业主来选择我们呢。 第一 我们的产品过硬。 从市面上流行的断墙铝平开窗。 六轨推拉窗。 再到我们这款6.0币后。 通风面积达到75%的八轨推拉窗。 我们这里都有。 第二 我们的服务更加有保障。 我们给业主采用的都是。 美国安德森的五道防水安装工艺。 并且承诺所有的业主给到终身之宝。 第三 我们的价格更实惠。 我们是工厂直接对接业主。 没有中间商赚差价。 可以将更多的优惠让给业主。 让你真正买到物美价廉的门窗。 南宁最近准备疯洋它的业主朋友们。 欢迎来找我。,https://www.douyin.com/video/7416664815717977384,True,00:00:48,视频,1726891800
1766274232759290,南宁欧米德资门窗厂,2025-08-25 17:02:44,7418155598086245632,只想要低价的门窗 恕不接待 #南宁...窗厂家 #南宁封阳台 #欧米德资门窗,2024-09-24 18:32:31,"['南宁门窗', '南宁门窗定制', '南宁门窗厂家', '南宁封阳台', '欧米德资门窗']",南宁欧米德资门窗厂,12,-1,2,17,"['居家', '装修设计', '家装主材']",只想要便宜门窗的业主。 出门右转 束缚节态。 不是宁姐服务不好。 只是这种没良心的钱。 宁姐是真的不敢赚。 有很多业主在网上看了。 进口的五斤原生的材料。 只要三十百一个平方。 以为自己是捡的饱了。 却不知道里面的猫粒可多了。 比如说。 材料已次充好。 说好的是原生理财。 送到你家里去就是回收你。 再比如。 虚假承诺。 签单之前。 你想要什么他给你什么。 反正签完单给完钱再说。 等你门窗有了问题。 你去找他再也联系不到人了。 最近摩洁的登录。 大家应该也知道结果了。 有很多门窗被催落。 人人也造成了伤亡。 所以我们一定要重视门窗的质量问题。 不要一味的贪图便宜。 导致门窗质量问题。 到时候我们后悔莫及。,https://www.douyin.com/video/7418155598086245632,True,00:00:51,视频,1727173951
1766274232759290,南宁欧米德资门窗厂,2025-08-25 17:02:44,7419151596120034600,为什么我关掉了南宁六家门窗店 #南...窗厂家 #南宁封阳台 #欧米德资门窗,2024-09-27 10:57:52,"['南宁门窗', '南宁门窗定制', '南宁门窗厂家', '南宁封阳台', '欧米德资门窗']",南宁欧米德资门窗厂,47,1,4,-1,"['个人管理', '职场技能', '职场营销']",为什么我会关掉兰林六家装卖店。 做工厂直营。 首先我们门窗店的运营成本是非常高的。 所以门店的架索它也会偏高。 那么我工厂也是起不来量。 所以我们现在关掉所有的门窗店。 工厂将以薄利多销的形式去经营。 直接给到中单业主门窗。 门店的拉货价格。 便宜200块钱一个平方。 让我们的业主买到真正的好而不贵的门窗。,https://www.douyin.com/video/7419151596120034600,True,00:00:27,视频,1727405872
1766274232759290,南宁欧米德资门窗厂,2025-08-25 17:02:44,7419152287500684544,怎么还有粉丝不知道我们工厂在哪 #...窗厂家 #南宁封阳台 #欧米德资门窗,2024-09-30 13:00:00,"['南宁门窗', '南宁门窗定制', '南宁门窗厂家', '南宁封阳台', '欧米德资门窗']",南宁欧米德资门窗厂,14,3,5,10,"['居家', '装修设计', '家装主材']",怎么还有这么多粉丝不知道我们的工厂在哪里 那今天宁姐就来告诉你。 我们的工厂就在拥五路快环建材师找对面 你直接搜索导航欧米德兹门窗广西总部就可以找到我们工厂。 我们这里有六轨推拉窗 断桥平开窗 重型推拉门 还有6 0b号丰富面积的。 找到75%的八轨推拉窗 我们是佛山一线品牌欧米德兹在广西6000平的门窗工厂。 直接对接业主 没有中间商赚差价 让你以南宁本地的价格买到佛山一线门窗 南宁最近准备疯扬他的业主朋友们欢迎来找我。,https://www.douyin.com/video/7419152287500684544,True,00:00:38,视频,1727672400
1766274232759290,南宁欧米德资门窗厂,2025-08-25 17:02:44,7419152526655720719,大玻璃又通风的气密平移窗来了 #南...窗厂家 #南宁封阳台 #欧米德资门窗,2024-10-02 13:05:00,"['南宁门窗', '南宁门窗定制', '南宁门窗厂家', '南宁封阳台', '欧米德资门窗']",南宁欧米德资门窗厂,36,1,15,6,"['居家', '装修设计', '家装主材']",想要做大玻璃又担心通风效果不好的。 那就来看一下我们这款气密瓶仪窗。 左右推拉的开启方式不在室内空间。 还拥有推拉窗的通风性。 箱内挤压的关闭方式。 让你拥有平开窗的气密性。 而且中间还可以做落地大玻璃。 让你记想窗外美景。 还可以加装玻璃护栏。 通风的同时让你居家更有安全感。 还可以搭配折叠沙瓦防蚊用涂风。 并且我们给您安装门窗时。 采用的都是美国Anderson的。 五道防水安装供应。 蓝宁最近准备风扬它的椰子朋友们。 欢迎来找我。,https://www.douyin.com/video/7419152526655720719,True,00:00:34,视频,1727845500
1766274232759290,南宁欧米德资门窗厂,2025-08-25 17:02:44,7419254196005801216,11米大阳台应该怎么封窗 #南宁门窗...窗工厂 #南宁封阳台 #欧米德资门窗,2024-10-05 12:35:00,"['南宁门窗', '南宁门窗定制', '南宁门窗工厂', '南宁封阳台', '欧米德资门窗']",南宁欧米德资门窗厂,19,5,2,16,"['居家', '装修设计', '室内装修效果']",高楼层大阳台应该怎么封窗 下面带大家参考一下我们这道西元的案例。 我们这道30楼11米长的阳台做的是欧米德兹落地屏开窗。 正面和两侧做了四个开窗 中间采用两片落地夹胶大玻璃 保证通风的同时尽享。 中间加了一个隔断 不影响视觉效果 而且性价比更高 如果您家也是大阳台 那您会怎么样封窗呢 欢迎评论区联系我。,https://www.douyin.com/video/7419254196005801216,True,00:00:30,视频,1728102900
1766274232759290,南宁欧米德资门窗厂,2025-08-25 17:02:44,7423341264118091019,阳台封窗如何兼具通风性和密封性 #...窗厂家 #南宁封阳台 #欧米德资门窗,2024-10-08 17:55:38,"['南宁门窗', '南宁门窗定制', '南宁门窗厂家', '南宁封阳台', '欧米德资门窗']",南宁欧米德资门窗厂,34,7,19,29,"['居家', '装修设计', '家装主材']",阳台风窗既想要推拉窗的通风性。 又想要平开窗的亲密性。 那今天我带大家参考一套。 西元的江景风窗案例。 这个阳台7米多长。 两侧各做了1.2米的落地提升门。 中间5米的位置做了两块落地大玻璃。 大通风的同时还能行动。 大家可以欣赏窗外的江景。 接下来我带大家感受一下。 我们这款提升门的隔音效果怎么样。 因为现在这个位置是靠近马路。 装修的人程也特别多。 外面的声音是非常吵杂的。 可以明显地感受到声音是非常安静的。 这款提升门的开启位置。 除了可以加装玻璃护栏。 也可以像我们这位业主一样。 选择防盗格和沙网一起的设计。 防蚊、通风又安全。 如果你也喜欢这样的风窗方式。 欢迎来找我。,https://www.douyin.com/video/7423341264118091019,True,00:00:55,视频,1728381338
1766274232759290,南宁欧米德资门窗厂,2025-08-25 17:02:44,7424452972676910355,10米江景阳台怎么封才好看 #南宁门...窗厂家 #南宁封阳台 #欧米德资门窗,2024-10-11 17:49:38,"['南宁门窗', '南宁门窗定制', '南宁门窗厂家', '南宁封阳台', '欧米德资门窗']",南宁欧米德资门窗厂,16,2,4,2,"['居家', '装修设计', '家装主材']",江景房封窗怎样才好看。 今天带大家参考一套我们西园的江景封窗案例。 如果您也喜欢这样的封窗方式。 欢迎来找您解。,https://www.douyin.com/video/7424452972676910355,True,00:00:28,视频,1728640178
1766274232759290,南宁欧米德资门窗厂,2025-08-25 17:02:44,7425942754284408118,六轨推拉窗如何保障小孩安全 #南宁...窗厂家 #南宁封阳台 #欧米德资门窗,2024-10-15 18:12:04,"['南宁门窗', '南宁门窗定制', '南宁门窗厂家', '南宁封阳台', '欧米德资门窗']",南宁欧米德资门窗厂,36,4,8,12,"['居家', '装修设计', '家装主材']",有粉丝朋友问我 你们这款六轨推拉窗安全吗 家中有小孩的如何保障安全 首先我跟你说 我们这款可以打开50%的推拉窗是非常非常安全的。 我们这款推拉窗厚度达到6 0远远大于传统的2 0以后的六轨推拉窗 高楼层你也可以放心安装 其次我们。 你们这块六轨推拉窗的沙网还可以加装儿童锁 就在这个位置 我们拿钥匙一遛。 这样子小孩就打不开了 为了更保险起见 我们推拉窗还可以加装这款隐形防盗网 杜绝安全隐患 如果你喜欢这款推拉窗 欢迎来找林姐。,https://www.douyin.com/video/7425942754284408118,True,00:00:37,视频,1728987124
1766274232759290,南宁欧米德资门窗厂,2025-08-25 17:02:44,7427004183741566235,家住路边太吵怎么封窗 #南宁门窗 #...厂家 #南宁门窗工厂 #欧米德资门窗,2024-10-18 14:49:45,"['南宁门窗', '南宁门窗定制', '南宁门窗厂家', '南宁门窗工厂', '欧米德资门窗']",南宁欧米德资门窗厂,65,2,7,2,"['居家', '装修设计', '家装主材']",家住路边太吵 待清隔衣问题。 又怕做平开窗 通风不好。 那就来看一下我们这款细密平衣窗。 来 我们先看一下。 外面现在是声音是非常吵杂的。 我现在关上门让大家感受一下。 你看 非常安静了。 向内挤压的关闭方式。 隔音气密效果没得说。 左右。 推拉的开启方式不在室内空间。 可以让你享受推拉窗一般的大通风。 中间还能加装落地大玻璃。 视野更开阔 镜像窗外美景。 兰琳这件准备风扬它的业主朋友们。 欢迎来临街工厂看看。,https://www.douyin.com/video/7427004183741566235,True,00:00:39,视频,1729234185
1766274232759290,南宁欧米德资门窗厂,2025-08-25 17:02:44,7427004230067604787,五金配件免费更换 终身质保 #南宁...厂家 #南宁门窗工厂 #欧米德资门窗,2024-10-20 12:50:00,"['南宁门窗', '南宁门窗定制', '南宁门窗厂家', '南宁门窗工厂', '欧米德资门窗']",南宁欧米德资门窗厂,8,-1,4,7,"['居家', '装修设计', '家装主材']",有粉丝朋友问我。 林姐 你们的五金剑出现损坏。 不能使用了。 是免费更换吗。 是的。 我们的五金属于终身自保。 只换不修。 包容工 包材料。 所有的都是免费服务。 其次 除了我们的五金剑。 我们的框架出现漏水。 玻璃出现破损。 等门窗问题。 都是属于我们的自保方位内。 蓝琳最近准备疯养她的业主朋友们。 欢迎来找林姐。,https://www.douyin.com/video/7427004230067604787,True,00:00:25,视频,1729399800
1766274232759290,南宁欧米德资门窗厂,2025-08-25 17:02:44,7428912689667116314,如何防止自己家的门窗被掉包 #南宁...窗工厂 #南宁封阳台 #欧米德资门窗,2024-10-23 18:17:44,"['南宁门窗', '南宁门窗定制', '南宁门窗工厂', '南宁封阳台', '欧米德资门窗']",南宁欧米德资门窗厂,105,-1,7,5,"['居家', '装修设计', '家装主材']",有粉丝朋友问我 我们封窗如何防止货不对吧 材料被掉包 首先您来到我们工厂选定好材料 比如说我们看的是这款我们欧米得知的。 112系列的2.0后的 有六个结构的123456六个枪底结构的材料 来 我们现在进行拍照。 好 我们拍好照片 我带大家去车间 去验货。 这个就是我们切料师傅根据您的尺寸 您定的材料进行切料的。 我们刚刚说到了是112系列 什么叫112系列啊 我量给大家看一下啊 这个就是11 2。 那我们刚刚也说了。 说了有六个枪底结构的 我们数给大家123456。 这是六个枪底结构的 这个也没有问题 我们刚刚也说到了 还有一个是厚度2.0的。 我来量给大家看 对 这个就是我们2.0的材料 没有问题啊 可能有粉丝朋友还是有一个。 啊 我们刚刚看到的材料确实是跟我们的样品是符合的 是属于货对版的 但是他会有质疑。 这个材料是不是我们家的呢 我们每一个客户家都会有一个相对应的编号 比如说这个是我们363号的。 有粉丝朋友要是还有担心的话。 我们也可以第二天早上出货的时候 您现场过来。 现场拆包 您自己挑选框架 现场拆包 跟随我们的货车一起去送到您家去。 欢迎我们的业主朋友们来临决工厂监督指导。,https://www.douyin.com/video/7428912689667116314,True,00:01:38,视频,1729678664
1766274232759290,南宁欧米德资门窗厂,2025-08-25 17:02:44,7429623092332350771,封窗享受20%总价补贴 #南宁门窗 #...窗工厂 #南宁家博会 #欧米德资门窗,2024-10-25 16:12:26,"['南宁门窗', '南宁门窗定制', '南宁门窗工厂', '南宁家博会', '欧米德资门窗']",南宁欧米德资门窗厂,14,2,3,2,"['随拍', '生活记录', '日常vlog']",您封窗我跑腿 难民发钱给大家装修了 不用您再去申请直接找欧米德之来封窗。 先行给您垫付 工厂直接对接消费者 在工厂家的基础上还可以享受20%的装修补贴。 相当于1万块钱可以省掉2000块 给您免去了申报过程中的。 百所成绩和不确定的因素 并且我们欧米德之的产品是获得ce欧盟认证的。 达到欧洲出口标准 所以我们的产品无论从环保还是从品质都是值得信任的 最近准备疯洋的的业主朋友们欢迎来找临姐。,https://www.douyin.com/video/7429623092332350771,True,00:00:35,视频,1729843946
1766274232759290,南宁欧米德资门窗厂,2025-08-25 17:02:44,7431503843357117705,在南宁征集20套样板间 #南宁门窗 #...窗定制 #南宁封阳台 #欧米德资门窗,2024-10-30 17:53:05,"['南宁门窗', '南宁门窗厂家', '南宁门窗定制', '南宁封阳台', '欧米德资门窗']",南宁欧米德资门窗厂,47,5,12,2,"['居家', '装修设计', '家装主材']",南宁最近准备疯养他的业主朋友们注意了 我们欧米德兹将在南宁征集20套样板间 我们给到你6063-75的原生女才。 双层中空信义玻璃 德国瑞拉斯的五金 还赠送您价值150块钱一瓶的美国安德森的五道防水工艺 只需要满足以下三个条件。 第一 邻家最近打算要封窗 第二封窗面积大于15平方 第三安装完成 可以让我们拍摄短视频 南宁最近准备疯养他的业主朋友们欢迎来宁铁工厂看看。,https://www.douyin.com/video/7431503843357117705,True,00:00:33,视频,1730281985
1766274232759290,南宁欧米德资门窗厂,2025-08-25 17:02:44,7431876022552874250,南宁的价格买到佛山一线门窗 #南宁...窗厂家 #南宁封阳台 #欧米德资门窗,2024-11-02 12:00:00,"['南宁门窗', '南宁门窗定制', '南宁门窗厂家', '南宁封阳台', '欧米德资门窗']",南宁欧米德资门窗厂,13,-1,5,2,"['居家', '装修设计', '家装主材']",南宁本地的价格也能买到佛沙一线品牌的门窗 还给您终身之宝 你敢相信吗。 我们配给您的女才都是6063-Q的佛沙原生女 玻璃采用的都是信义的双层中空钢化玻璃。 5G是用的德国瑞拉斯的 更重要的是我们还赠送您价值150。 50块钱一瓶的美国安德森的五道防水安装工艺 确保您的门窗使用安全无忧 南宁最近准备疯洋洋的业主朋友们欢迎来找林姐。,https://www.douyin.com/video/7431876022552874250,True,00:00:30,视频,1730520000
1766274232759290,南宁欧米德资门窗厂,2025-08-25 17:02:44,7433351049412447497,我们欧米德资的门窗荣获欧盟CE认证...厂家 #南宁门窗工厂 #欧米德资门窗,2024-11-04 17:18:47,"['南宁门窗', '南宁门窗定制', '南宁门窗厂家', '南宁门窗工厂', '欧米德资门窗']",南宁欧米德资门窗厂,12,3,1,1,"['居家', '装修设计', '家装主材']",告诉粉丝朋友们一个好消息。 我们欧米德兹门窗获得欧盟CE认证啦。 那么什么是CE认证呢。 CE欧盟认证是一种安全的标志。 那我们通俗的来讲。 也就是我们欧米德兹的门窗。 能够出口到欧洲。 达到欧洲的出口标准。 在整个门窗行业里面。 都是屈指可数的。 由此可见。 我们欧米德兹的门窗安全系数是非常高的。 蓝瓶最近准备丰扬它的业者朋友们。 欢迎来找林姐。,https://www.douyin.com/video/7433351049412447497,True,00:00:29,视频,1730711927
1766274232759290,南宁欧米德资门窗厂,2025-08-25 17:02:44,7434471508975668495,南宁想封大玻璃的业主一定不要错过...窗厂家 #南宁封阳台 #欧米德资门窗,2024-11-07 17:49:12,"['南宁门窗', '南宁门窗定制', '南宁门窗厂家', '南宁封阳台', '欧米德资门窗']",南宁欧米德资门窗厂,16,2,6,5,"['居家', '装修设计', '家装主材']",在南宁享受大玻璃风创的业主朋友们 一定不要错过我们这款落地平开窗。 我们这款窗采用6063-t5的航天级原生理财 六腔底结构 沉重位置达到4 010米长的大玻璃。 也不用担心摇晃问题 窗上采用欧米德兹无缝焊接工艺。 隔音隔热防水效果更好 玻璃用的六厘后的信义双层钢化玻璃 对比其他标配的五厘玻璃。 六厘的抗风压性能更强 稳定性能更高 南宁最近准备风扬他的业主朋友们欢迎来找我。,https://www.douyin.com/video/7434471508975668495,True,00:00:35,视频,1730972952
1766274232759290,南宁欧米德资门窗厂,2025-08-25 17:02:44,7434841279327997184,第一套样板间落地 八轨推拉窗 #南...窗厂家 #南宁封阳台 #欧米德资门窗,2024-11-10 11:45:00,"['南宁门窗', '南宁门窗定制', '南宁门窗厂家', '南宁封阳台', '欧米德资门窗']",南宁欧米德资门窗厂,17,3,5,16,"['居家', '装修设计', '家装主材']",在南宁征集20套样板间。 第一套能够打开75%的八轨推拉窗。 它来了。 今天来到我们奥远唐月府。 这个业主是一个02户型的。 阳台是6米长。 做的我们一个八轨的推拉窗。 我们这款八轨推拉窗。 可以做到筛散重叠。 打开面积可以达到75%。 6.0厚的一个材料。 30楼以上都不会出现摇晃问题。 轨道的一个宽度是21公分。 加上我们10公分的置物扶手。 相当于可以做到31公分的宽度。 还可以搭配金刚纱网或者高清高透网。 安全防蚊又通风。 我们的样板间还在征集中。 有感兴趣的朋友欢迎来找我。,https://www.douyin.com/video/7434841279327997184,True,00:00:38,视频,1731210300
1766274232759290,南宁欧米德资门窗厂,2025-08-25 17:02:44,7436700987651345699,高楼层封窗怎么安全又通风 #南宁门...厂家 #南宁门窗工厂 #欧米德资门窗,2024-11-13 18:00:10,"['南宁门窗', '南宁门窗定制', '南宁门窗厂家', '南宁门窗工厂', '欧米德资门窗']",南宁欧米德资门窗厂,14,4,2,3,"['居家', '装修设计', '家装主材']",我们高楼层的业主封窗 想要大通风 又担心不安全的。 今天我带大家来参考一趟我们融创融工馆的封窗案例。 我们这道封窗案例是一个7米长的阳台 采用的是我们6.0后的八轨机窗窗。 打开面积可以达到75% 30楼以上的高楼层封窗 都不用担心摇晃。 有很多业主朋友问我啊 我们通风面积这么大 如何保证小孩的安全问题 我们这个业主家外面是加装了一个隐形防盗网通风。 安全没有任何影响 还可以搭配我们这款高透沙网防蚊通风又安全 外面加装了一个10公分的置物扶手 真的是观景的小。 如果您家也是这种大阳台 又想要达到这么大的通风面积 欢迎来找您接。,https://www.douyin.com/video/7436700987651345699,True,00:00:45,视频,1731492010
1766274232759290,南宁欧米德资门窗厂,2025-08-25 17:02:44,7437071748492823808,奥园棠悦府八轨推拉窗空镜案例 #南...定制 #南宁门窗工厂 #欧米德资门窗,2024-11-15 12:00:00,"['南宁门窗', '南宁门窗厂家', '南宁门窗定制', '南宁门窗工厂', '欧米德资门窗']",南宁欧米德资门窗厂,79,2,5,4,"['居家', '装修设计', '家装主材']",,https://www.douyin.com/video/7437071748492823808,False,00:00:24,视频,1731643200
1766274232759290,南宁欧米德资门窗厂,2025-08-25 17:02:44,7438925846372519203,恭喜您在南宁封窗找到我们 #南宁门...窗厂家 #南宁封阳台 #欧米德资门窗,2024-11-19 17:55:34,"['南宁门窗', '南宁门窗定制', '南宁门窗厂家', '南宁封阳台', '欧米德资门窗']",南宁欧米德资门窗厂,24,7,7,2,"['居家', '装修设计', '家装主材']",恭喜你在蓝临找到了我们。 我们是佛山一线品牌门窗。 蓝临的生产基地。 如果您家刚好需要封窗 封阳台。 或者有亲戚朋友家需要封窗的。 千万不要错过我们。 我们有平开窗 六轨推拉窗。 推拉门 侧压窗等各种高性价比门窗。 都是正宗佛山门窗。 蓝临市区类包粮食 包设计 包安装。 而且是终身之宝。 欢迎谁时过来找我。,https://www.douyin.com/video/7438925846372519203,True,00:00:26,视频,1732010134
1766274232759290,南宁欧米德资门窗厂,2025-08-25 17:02:44,7439671004642774272,南宁买门窗 别买贵了 #南宁门窗 #...厂家 #南宁门窗工厂 #欧米德资门窗,2024-11-21 18:07:09,"['南宁门窗', '南宁门窗定制', '南宁门窗厂家', '南宁门窗工厂', '欧米德资门窗']",南宁欧米德资门窗厂,55,5,5,3,"['居家', '装修设计', '家装主材']",佛山门窗是行业中公认的好货。 但是你们买佛山门窗。 千万不要买贵了。 我们是正宗佛山品牌。 欧米德兹门窗。 这是我们在兰宁的工厂。 占地有6000平方。 库存有300多吨铝材。 从开料冲洗拼装调试。 打包 入库。 每个生产步骤都严格要求。 我们的女才终身自保。 五斤终身自保。 玻璃自保十年。 还赠送美国安德森的。 五道防水安装工艺。 保证您的门窗。 在使用过程中安全无忧。 而且我们是工厂直营。 直接面对消费者。 每一天都要做到。 每一天都要做到。 每一天都要做到。 每一天都要做到。 每一天都要做到。,https://www.douyin.com/video/7439671004642774272,True,00:00:46,视频,1732183629
1766274232759290,南宁欧米德资门窗厂,2025-08-25 17:02:44,7440043512147561780,买佛山门窗 来源头工厂 #南宁门窗 ...厂家 #南宁门窗工厂 #欧米德资门窗,2024-11-23 11:30:00,"['南宁门窗', '南宁门窗定制', '南宁门窗厂家', '南宁门窗工厂', '欧米德资门窗']",南宁欧米德资门窗厂,36,1,3,1,"['居家', '装修设计', '家装主材']",为什么你买的佛山门窗那么贵 那是因为你没有找到真正的源头工厂。 接下来我用一分钟的时间来带大家参观一下我们的生产流程 第一 选材。 首先由我们的师傅从300吨铝材货架中选出客户需要的行财 第二 开尿我们采用。 采用的是高精度双头剧机器 切出来的行财精准平滑 第三 冲孔 行财切割冲孔完毕。 就拿到这台速控洗床机机型冲洗 第四 组装。 在这里师傅会将行财拼接成完整的门窗 第五 调试我们的门窗都会经过反送。 确保质量达到标准 第六 打包我们的门窗入户前都会经过反复的检查。 合格后才能打包入户 蓝林最近准备疯洋台的业主朋友们欢迎来找我。,https://www.douyin.com/video/7440043512147561780,True,00:00:52,视频,1732332600
1766274232759290,南宁欧米德资门窗厂,2025-08-25 17:02:44,7441896732918664488,再封一次阳台 我还是选这款八轨推...窗厂家 #南宁封阳台 #欧米德资门窗,2024-11-27 18:02:12,"['南宁门窗', '南宁门窗定制', '南宁门窗厂家', '南宁封阳台', '欧米德资门窗']",南宁欧米德资门窗厂,21,3,7,4,"['居家', '装修设计', '家装主材']",如果再让我封一次阳台 我还是会选择这款可以打开75%的八轨推大窗。 打开面积可达到75% 最大可以做到九米长 30楼也不晃动 通风和视野一把抓。 矿爆上的设计 防水隔音性能更好 铝材厚度达到6.0。 超传统2.0币后的六轨推拉窗 安插性能更好 不用担心窗扇掉落伤人 我的窗户准备好了 临界的阳台准备好了吗。,https://www.douyin.com/video/7441896732918664488,True,00:00:30,视频,1732701732
1766274232759290,南宁欧米德资门窗厂,2025-08-25 17:02:44,7442638957034212608,南宁做大玻璃封窗选欧米112系列平...窗厂家 #南宁封阳台 #欧米德资门窗,2024-11-30 12:05:00,"['南宁门窗', '南宁门窗定制', '南宁门窗厂家', '南宁封阳台', '欧米德资门窗']",南宁欧米德资门窗厂,29,1,7,2,"['居家', '装修设计', '家装主材']",在南陵想要做落地大玻璃的朋友。 一定不要错过我们这款欧米德兹112系列的无缝皮开窗。 安装标配美国安德森的五道防水安装工艺。 像这样的膨胀螺丝钉我们是35-40公分打一颗。 女才采用6063t5的原生女才。 6腔体结构 沉重部分达到4.0的厚度。 安全稳固 而且是终身至宝。 玻璃采用6加18A加6的信义中空钢化玻璃。 不仅隔音隔热性能好 而且更加的透光。 标配德国瑞拉斯五金 而且终身至宝。 更重要的是遮胶。 这么好的产品 价格还美丽。 兰琳这件准备疯洋态的夜酒朋友们 欢迎来找我。,https://www.douyin.com/video/7442638957034212608,True,00:00:45,视频,1732939500
1766274232759290,南宁欧米德资门窗厂,2025-08-25 17:02:44,7444864080038333711,南宁封窗怎么找渠道 #南宁门窗 #南...窗厂家 #南宁封阳台 #欧米德资门窗,2024-12-05 17:57:09,"['南宁门窗', '南宁门窗定制', '南宁门窗厂家', '南宁封阳台', '欧米德资门窗']",南宁欧米德资门窗厂,360,55,80,24,"['居家', '装修设计', '家装主材']",蓝林很多业主想买大品牌又靠谱的门窗。 找不到渠道的。 那一定要来我们欧米得资门窗工厂看看。 这里是我们六千坪的门窗生产基地。 给到你们的都是粉丝价。 包粮尺包设计包安装还是终身之宝哦。 蓝林最近准备丰阳开的业主朋友们。 欢迎来领解。 我亲自接待你们。,https://www.douyin.com/video/7444864080038333711,True,00:00:22,视频,1733392629
1766274232759290,南宁欧米德资门窗厂,2025-08-25 17:02:44,7445234832478702882,花30秒了解下我们工厂 #南宁门窗 #...窗厂家 #南宁封阳台 #欧米德资门窗,2024-12-08 11:55:00,"['南宁门窗', '南宁门窗定制', '南宁门窗厂家', '南宁封阳台', '欧米德资门窗']",南宁欧米德资门窗厂,136,20,30,9,"['居家', '装修设计', '家装主材']",在蓝临想找正宗佛山门窗的业主朋友们 不妨花30秒来了解一下我们欧米德资门窗工厂 我们是佛山欧米德资门窗。 在蓝临的生产基地就在快环建策市场旁边 已经服务了上万名广西业主 我们主营断桥平开窗 六轨推拉窗 细密平移窗 重型推拉门等各类。 我们所有的门窗都是终身之宝 而且还采用的是美国安德森的五道防水安装工艺 蓝临最近准备疯洋台的业主朋友们 欢迎来到临姐。,https://www.douyin.com/video/7445234832478702882,True,00:00:31,视频,1733630100
1766274232759290,南宁欧米德资门窗厂,2025-08-25 17:02:44,7447458210375650597,南宁封窗找玲姐 #南宁门窗 #南宁门...窗厂家 #南宁封阳台 #欧米德资门窗,2024-12-12 17:43:19,"['南宁门窗', '南宁门窗定制', '南宁门窗厂家', '南宁封阳台', '欧米德资门窗']",南宁欧米德资门窗厂,22,1,6,-1,"['居家', '装修设计', '家装主材']",来临封窗找临姐。 我们这里是震动的佛山品牌门窗源头工厂。 我们这里有断桥平台窗。 六轨推拉窗。 平移气密窗。 重型推拉门等。 市面上所有的各类门窗我们都有。 我们给你免费粮食。 设计安装。 而且还终身之宝。 封窗找临姐。 让您回家。 花少钱买高品质门窗。,https://www.douyin.com/video/7447458210375650597,True,00:00:21,视频,1733996599
1766274232759290,南宁欧米德资门窗厂,2025-08-25 17:02:44,7447458557198355763,欧米德资门窗好在哪 30秒告诉你 #...窗厂家 #南宁门窗工厂 #南宁封阳台,2024-12-15 11:45:00,"['南宁门窗', '南宁门窗定制', '南宁门窗厂家', '南宁门窗工厂', '南宁封阳台']",南宁欧米德资门窗厂,16,6,8,2,"['居家', '装修设计', '家装主材']",欧米德之门窗好在哪里。 今天我给大家来讲一讲。 首先我们是正宗的。 活山品牌门窗。 品质过硬。 我们这里有断桥平开窗。 六轨推拉窗。 平移气密窗。 重型推拉门等。 市面上所有的各类门窗。 我们都有生产。 其次我们的售后非常有保障。 我们的门窗可以做到终身质保。 并且我们给您采用的都是。 美国安德森的五道防水安装工艺。 您不用再担心漏水问题。 更重要的是我们价格更实惠。 工厂直接对接消费者。 没有中间商专差价。 蓝瓴最近准备丰阳它的业主朋友们。 欢迎来找您姐。,https://www.douyin.com/video/7447458557198355763,True,00:00:39,视频,1734234300
1766274232759290,南宁欧米德资门窗厂,2025-08-25 17:02:44,7450060800233852195,高楼层封窗怎么样又美观性价比又高...窗厂家 #南宁封阳台 #欧米德资门窗,2024-12-19 18:03:02,"['南宁门窗', '南宁门窗定制', '南宁门窗厂家', '南宁封阳台', '欧米德资门窗']",南宁欧米德资门窗厂,38,4,11,5,"['居家', '装修设计', '家装主材']",高楼层风伤怎样美观又极具性价比。 今天我带大家来参考一趟融创九夕府的六栋二号步行的风场案例。 这是一个九米长的阳台。 我们一边做了一个开窗。 中间是做了三片落地玻璃。 保证通通的同时相比于一整片的大玻璃。 我们这样做的话性价比会更高。 这道案例用的是我们欧米德兹112系列的2.0D后的断桥平开窗。 搭配的是细腻的白波。 您在30楼以上风伤。 也不用担心安全问题。 想要买高性价比门窗。 欢迎来找您解。,https://www.douyin.com/video/7450060800233852195,True,00:00:33,视频,1734602582
1766274232759290,南宁欧米德资门窗厂,2025-08-25 17:02:44,7450434602587540770,怎么样封窗 通风又安全 #南宁门窗 ...窗厂家 #南宁封阳台 #欧米德资门窗,2024-12-22 12:15:00,"['南宁门窗', '南宁门窗定制', '南宁门窗厂家', '南宁封阳台', '欧米德资门窗']",南宁欧米德资门窗厂,19,-1,3,2,"['居家', '装修设计', '室内装修效果']",怎么样 封窗既通风又安全。 今天我带大家来参考一套。 融撞九夕府的一栋一号互行的封窗案例。 中间的位置刚好对着我们的客厅。 所以我们做了一款6.0后的六轨推拉窗。 可以打开50%保证了我们的通风信。 这个位置我们做的是一个平开窗的落地。 后期我们业主可以在这个地方喝茶观景。 视觉效果非常好。 这个空间我们做的是一个断桥平开窗。 因为我们业主家养了小猫和小狗。 所以我们也要保证他们的安全。 如果您家刚好也准备封窗。 欢迎来找您接。,https://www.douyin.com/video/7450434602587540770,True,00:00:36,视频,1734840900
1766274232759290,南宁欧米德资门窗厂,2025-08-25 17:02:44,7452658488519445775,龙光天瀛小区业主怎么封窗 #南宁门...窗厂家 #南宁封阳台 #欧米德资门窗,2024-12-26 18:03:50,"['南宁门窗', '南宁门窗定制', '南宁门窗厂家', '南宁封阳台', '欧米德资门窗']",南宁欧米德资门窗厂,28,1,3,4,"['居家', '装修设计', '家装主材']",《四大天王》之一的龙光天银小吃业主是怎样封窗的。 今天我带大家来看一下。 我们这个业主家是一个双阳台的户型。 两个阳台都是做的落地大玻璃。 采用的是我们OMIDAS 112系列的无缝断桥平开窗。 细密度非常高。 大玻璃的两侧做了两个开窗。 刚好跟我们的前阳台的开窗产生一个对牛。 您不用再担心闷热问题。 我们这边落地大玻璃是面对小区花园的。 后期业主在这个地方欣赏花园美景也是非常的惬意。 封窗找邻居。 真正的源头厂家没有中间商占差价。,https://www.douyin.com/video/7452658488519445775,True,00:00:36,视频,1735207430
1766274232759290,南宁欧米德资门窗厂,2025-08-25 17:02:44,7453027523824307508,800万的别墅封什么样的窗 #南宁门...窗厂家 #南宁封阳台 #欧米德资门窗,2024-12-29 12:00:00,"['南宁门窗', '南宁门窗定制', '南宁门窗厂家', '南宁封阳台', '欧米德资门窗']",南宁欧米德资门窗厂,34,5,7,3,"['居家', '装修设计', '家装主材']",庸江边上800万的别墅封什么样的窗。 今天宁姐带你们看一下。 这个是他们的一个客厅。 我们到时候后期夜走在这边的话是摆放一个沙发。 所以这里做了一片落地的玻璃。 这是我们一个楼梯间的窗户。 这个窗户我觉得比较漂亮。 它是用到我们一个万能转角的。 所以它是这种八字形的。 这个是我们夜主家一个次卧。 这个窗的话我们是左右一个开来的窗。 也保证了一个通风。 因为夜走到时跟我讲。 他说他不想要做一个落地大玻璃。 他有一点恐高。 所以说我们在这里就做了一个横杆过来。 看上去的视觉效果还是比较好。 这个是我们二楼的一个卧室。 夜主家这里做了一边做了一个开窗。 也是保证了一个通风的同时。 我们中间也是做了一片大玻璃。 虽然说这里做了一个横杆。 但是丝毫对我们的视觉没有影响的。 现在我们来看一下三楼。 我们来到的是我们三楼的一个。 它是做了两个圆弓形的推拉门。 很漂亮。 风窗找邻居。 真正的源头厂家。 没有中间上转叉架。,https://www.douyin.com/video/7453027523824307508,True,00:01:08,视频,1735444800
1766274232759290,南宁欧米德资门窗厂,2025-08-25 17:02:44,7453823200678432009,装修补贴，30号之前立减20%#装修补...广西装修补贴 #装修补贴 #南宁门窗,2024-12-29 21:21:17,"['装修补贴政策', '广西装修补贴', '装修补贴', '南宁门窗']",南宁欧米德资门窗厂,14,2,2,1,"['居家', '装修设计', '家装主材']",广西的业主朋友们大家注意了。 我们欧米德子门窗申请到了国股新政策。 12月31号之前。 使用云闪度一减八折。 不需要繁琐的手续和发票。 直接一减。 活动只截止到12月31号。 需要封窗的朋友们赶紧联系我哦。,https://www.douyin.com/video/7453823200678432009,True,00:00:17,视频,1735478477
1766274232759290,南宁欧米德资门窗厂,2025-08-25 17:02:44,7456740849506880819,欧米德资年终大促来了 #南宁门窗 #...窗厂家 #南宁封阳台 #南宁门窗工厂,2025-01-06 18:05:07,"['南宁门窗', '南宁门窗定制', '南宁门窗厂家', '南宁封阳台', '南宁门窗工厂']",南宁欧米德资门窗厂,59,8,14,16,"['居家', '装修设计', '家装主材']",什么时候买门窗更划算了 肯定是现在 因为我们为了拿到总部的行财和配件的反点 这一次不为挣钱。 只为出销量 今年夏订单的朋友们 我们给你工厂价的基础上 还给你这种大冰箱。 大洗衣机给你保价一年包两。 包售后包安装 还终身自保哦 这么大的优惠力度千万不要错过 停止留下您的小区民 明节给您安排。,https://www.douyin.com/video/7456740849506880819,True,00:00:29,视频,1736157907
1766274232759290,南宁欧米德资门窗厂,2025-08-25 17:02:44,7457483681469435145,带大家看下年底的门窗工厂状况 #南...窗定制 #南宁封阳台 #欧米德资门窗,2025-01-09 12:10:00,"['南宁门窗', '南宁门窗厂家', '南宁门窗定制', '南宁封阳台', '欧米德资门窗']",南宁欧米德资门窗厂,195,5,5,1,"['随拍', '生活记录', '日常vlog']",连你了都说可以躺平了。 今天我带大家看一下我们工厂的情况。 这是我们的生产区。 我们的工人每天从早上六点半就开始上班。 一直加班到晚上11点半。 也是为了如期的把货交付给我们的业主。 这是我们的成品区。 您看到的这一片成品都是我们已经做好的货物等待去安装的。 请各位业主朋友们放心。 我们已经在保质保量的生产中。 谢谢大家对您给的支持。,https://www.douyin.com/video/7457483681469435145,True,00:00:25,视频,1736395800
1766274232759290,南宁欧米德资门窗厂,2025-08-25 17:02:44,7459302405453270323,今年一年真的做了很多案例 带大家...24 #我的2024年度混剪 #南宁封阳台,2025-01-13 15:45:11,"['南宁门窗', '我的2024年度总结', '我的2024', '我的2024年度混剪', '南宁封阳台']",南宁欧米德资门窗厂,172,4,4,2,"['随拍', '生活记录', '日常vlog']",我在华润西园。 我在建发央喜。 我在地纬大院。 我在建发仰云。 我在保利岭御府。 我在北投东晋。 我在青运村。 我在龙光天营。 我在灌江树。 我在北港玉江台。,https://www.douyin.com/video/7459302405453270323,True,00:00:42,视频,1736754311
1766274232759290,南宁欧米德资门窗厂,2025-08-25 17:02:44,7459303215847214345,做短视频一年了 来和大家分享下我...窗厂家 #我的年度总结 #南宁封阳台,2025-01-15 11:50:00,"['南宁门窗', '南宁门窗定制', '南宁门窗厂家', '我的年度总结', '南宁封阳台']",南宁欧米德资门窗厂,264,7,8,3,"['随拍', '生活记录', '日常vlog']",大家好 我是林姐。 我做短视频已经有一年多了。 今天来跟大家分享一下我的感受。 有很多粉丝朋友刷到了我的视频。 然后通过各种渠道。 去了解到我们欧米德兹。 发现我们欧米德兹确实是属于佛山内的一个一线大品牌。 而且口碑还非常的好。 了解到林姐这边也去。 确实是在南宁属于真正的源头厂家。 业主来到过工厂的第一感觉就是。 工厂的规模大 环境整洁。 人员的热情度也高 而且专业性极强。 而且我们展厅里面展示的样品也非常的齐全。 他们想买的产品也是应有尽有。 当然除了产品以外。 他们发现我们的安装环节跟别人家也是不一样的。 第一我们是拥有自己的安装公司。 我们所有的工作人员都不是外请外聘的临时团队。 我们的师傅都是购买有高额保险的。 将风险降到最低。 第二的话我们采用的是美国安德森的五道防水安装工艺。 杜绝入水。 甚至有很多。 粉丝朋友都没有来到我的工厂。 直接在线上就给我交了信金。 非常非常感谢我所有的粉丝朋友们的信任和支持。 林姐在新的一年里也会继续加油努力的。,https://www.douyin.com/video/7459303215847214345,True,00:01:12,视频,1736913000
1766274232759290,南宁欧米德资门窗厂,2025-08-25 17:02:44,7461193698584448282,你知道你为什么卖不出去吗 #南宁门...窗定制 #南宁门窗厂家 #南宁封阳台,2025-01-18 18:04:54,"['南宁门窗', '南宁门窗定制', '南宁门窗厂家', '南宁封阳台']",南宁欧米德资门窗厂,905,415,347,142,"['居家', '装修设计', '家装主材']",你知道你最近为什么又卖不动了吗。 别人的打开通风面积只能到50%。 你非要能够打开75%。 你看这么大的通风面积。 那工艺不就复杂了吗。 别人家的推拿桩都是做2.0的。 你非要给我搞一个6.0厚的。 这么大的推拿桩。 一点也不晃动。 你看这样成本不就增高了吗。 你说别人都是做一道防水。 你非得要做五道防水。 外面还要加装这个不锈钢的挡水板。 别人说管个十年八年补漏水就可以了。 你非得要管个七十年八十年补漏水。 那你这样搞。 我不就真的太少了吗。 活该你这个月才卖200户。 根本就没有人懂你。,https://www.douyin.com/video/7461193698584448282,True,00:00:47,视频,1737194694
1766274232759290,南宁欧米德资门窗厂,2025-08-25 17:02:44,7462305036719246602,今天是我们的年会 #南宁门窗 #南宁...窗厂家 #南宁封阳台 #欧米德资门窗,2025-01-21 17:57:33,"['南宁门窗', '南宁门窗定制', '南宁门窗厂家', '南宁封阳台', '欧米德资门窗']",南宁欧米德资门窗厂,72,-1,3,4,"['居家', '家具家电', '猎奇好物']",新年新迹象。 今天我们开始挂灯笼了。,https://www.douyin.com/video/7462305036719246602,True,00:00:32,视频,1737453453
1766274232759290,南宁欧米德资门窗厂,2025-08-25 17:02:44,7463046898912480552,江景一线房 带大家看看北港御江台...窗厂家 #南宁封阳台 #欧米德资门窗,2025-01-24 11:55:00,"['南宁门窗', '南宁门窗定制', '南宁门窗厂家', '南宁封阳台', '欧米德资门窗']",南宁欧米德资门窗厂,40,1,2,5,"['居家', '装修设计', '家装主材']",在南陵高楼城。 想要做大通风的业主看过来。 今天我带大家来看一看。 我们北港玉江台。 24楼的风窗案例。 这个户型是一个14米的阳台。 正对着雍江。 那物业部允许拆户南。 我们业主想要大通风。 又想要有一个亲密度。 所以选择的是。 我们欧米德资6.0后的。 八轨特亚窗。 我们这款窗。 它有八条轨道。 可以三扇重叠。 打开面积可以达到75%。 您在享有大通风的情况下。 还能享受无尽的将近。 这款窗的材料厚度是6.0。 不管您是在24楼还是64楼。 都不会出现。 遥晃问题。 大家还想看什么样的风窗案例。 可以评论区告诉我。 明节给您安排。,https://www.douyin.com/video/7463046898912480552,True,00:00:45,视频,1737690900
1766274232759290,南宁欧米德资门窗厂,2025-08-25 17:02:44,7463046998829190440,带大家看看我们九熙府的案例 #南宁...窗厂家 #南宁封阳台 #欧米德资门窗,2025-01-27 12:00:00,"['南宁门窗', '南宁门窗定制', '南宁门窗厂家', '南宁封阳台', '欧米德资门窗']",南宁欧米德资门窗厂,23,-1,4,-1,"['居家', '装修设计', '家装主材']",,https://www.douyin.com/video/7463046998829190440,False,00:00:23,视频,1737950400
1766274232759290,南宁欧米德资门窗厂,2025-08-25 17:02:44,7463047640326933812,欧米德资门窗给大家拜年了 #南宁门...窗厂家 #南宁封阳台 #欧米德资门窗,2025-01-29 00:00:00,"['南宁门窗', '南宁门窗定制', '南宁门窗厂家', '南宁封阳台', '欧米德资门窗']",南宁欧米德资门窗厂,18,-1,2,-1,"['随拍', '生活记录', '日常vlog']",一羊一羊。 很学艺的友常。,https://www.douyin.com/video/7463047640326933812,True,00:00:21,视频,1738080000
1766274232759290,南宁欧米德资门窗厂,2025-08-25 17:02:44,7468602660510305599,今天带你们看一下我们华润西园的封...窗厂家 #南宁封阳台 #欧米德资门窗,2025-02-07 17:15:34,"['南宁门窗', '南宁门窗定制', '南宁门窗厂家', '南宁封阳台', '欧米德资门窗']",南宁欧米德资门窗厂,124,3,7,2,"['居家', '装修设计', '家装主材']",Ready。 Work。,https://www.douyin.com/video/7468602660510305599,True,00:00:21,视频,1738919734
1766274232759290,南宁欧米德资门窗厂,2025-08-25 17:02:44,7469729178284330252,玲姐许下郑重承诺 #南宁门窗 #南宁...窗厂家 #南宁封阳台 #欧米德资门窗,2025-02-10 18:07:38,"['南宁门窗', '南宁门窗定制', '南宁门窗厂家', '南宁封阳台', '欧米德资门窗']",南宁欧米德资门窗厂,128,-1,7,1,"['随拍', '生活记录', '日常vlog']",我凌姐郑重承诺。 从2025年2月10日起。 我会继续做一个。 踏实肯干的门窗工厂老板娘。 给粉丝朋友提供质量过硬。 价格亲民的好门窗好产品。 您选择相信我。 我一定不会让你失望的。 2025年继续加油。,https://www.douyin.com/video/7469729178284330252,True,00:00:21,视频,1739182058
1766274232759290,南宁欧米德资门窗厂,2025-08-25 17:02:44,7470447531420290358,我们正式开工啦 有需要封窗的业主...厂家 #南宁门窗工厂 #欧米德资门窗,2025-02-12 16:33:41,"['南宁门窗', '南宁门窗定制', '南宁门窗厂家', '南宁门窗工厂', '欧米德资门窗']",南宁欧米德资门窗厂,12,-1,3,-1,"['居家', '装修设计', '家装主材']",我们开工啦。 林姐祝大家。 十二年行大运。 十二年发大财。 每年的年初。 也是我们最忙碌的时候。 所以我们今年也是。 早早的就到工作岗位。 把年前未交付的订单。 我们要保质保量的交付给大家。 我们工厂做的是。 佛山一线品牌的门窗。 经营的。 品类有非常多。 比如。 断桥平开窗。 六轨推拉窗。 重型推拉门等。 这几年大家都说生意不好做。 市场也比较难。 但是我们工厂。 每个月都在持续的增长。 靠的也就是我们一个。 高性价比的产品。 和我们完善的服务体系。 如果您家刚好需要风扬台。 需要高品质。 价格又实惠的门窗。 欢迎来找您见。,https://www.douyin.com/video/7470447531420290358,True,00:00:41,视频,1739349221
1766274232759290,南宁欧米德资门窗厂,2025-08-25 17:02:44,7471203077224189195,2025年不忘初心 #南宁门窗 #南宁门...窗厂家 #南宁封阳台 #欧米德资门窗,2025-02-15 12:25:00,"['南宁门窗', '南宁门窗定制', '南宁门窗厂家', '南宁封阳台', '欧米德资门窗']",南宁欧米德资门窗厂,102,-1,7,1,"['居家', '装修设计', '家装主材']",我是蓝临欧米德兹门窗负责人林姐。 2025年不忘初心。 我会继续给粉丝朋友提供高质量。 高性价比的好门窗。 我们是6000平的一线品牌源头工厂。 工厂生产有推拉窗 断桥平开窗。 推拉门等产品。 我们成立有自己的安装公司。 录用的都是经验丰富的大师傅。 采用的是五道防水安装工艺。 刷到这条视频的朋友们。 祝您在2025年身体健康 万事如意。,https://www.douyin.com/video/7471203077224189195,True,00:00:30,视频,1739593500
1766274232759290,南宁欧米德资门窗厂,2025-08-25 17:02:44,7472697276700298507,买门窗不要一味的追求低价格 安全...窗厂家 #南宁封阳台 #欧米德资门窗,2025-02-18 18:02:15,"['南宁门窗', '南宁门窗定制', '南宁门窗厂家', '南宁封阳台', '欧米德资门窗']",南宁欧米德资门窗厂,68,3,7,-1,"['居家', '装修设计', '家装主材']",买门庄不要一味地只追求低价。 其实封窗更重要的是安全性和可靠性。 大家都知道三分产品七分安装。 那像市面上普通的安装工艺。 只在外面做了一圈。 结构叫做防水处理。 而我们欧米德兹做的是美国安德森的五道防水安装工艺。 拒绝漏水问题。 门庄是家庭安全的第一道防线。 那我们粉丝朋友们在购买门庄的时候。 一定要辨别清楚了。,https://www.douyin.com/video/7472697276700298507,True,00:00:27,视频,1739872935
1766274232759290,南宁欧米德资门窗厂,2025-08-25 17:02:44,7473807104990661900,我花了七位数打造的门窗展厅 #南宁...窗厂家 #南宁封阳台 #欧米德资门窗,2025-02-21 17:51:26,"['南宁门窗', '南宁门窗定制', '南宁门窗厂家', '南宁封阳台', '欧米德资门窗']",南宁欧米德资门窗厂,152,11,6,3,"['居家', '装修设计', '家装主材']",我画了七位数。 把所有的门窗都搬进了我的展厅。 粉丝朋友们来看一下。 这里有没有你们想要的门窗。 这个是我们重型推拉门。 这个是我们厨房的几载推拉门。 这个是我们中载推拉门。 这个是可以打开75%的。 6.0后的八轨推拉门。 这个是我们欧米德兹112系列的。 无缝平开断桥窗。 这个是气密平移窗。 这个是我们112系列的断桥平开窗。 这个是我们电动提升窗。 这个是我们118的断桥平开窗。 这块是六轨断桥推拉窗。 材料的厚度可以达到6.0。 这块是几载的卫生间门。 还有我们这里有O-Pi的防盗门款式非常多。 我们所有的产品都主打一个性价比。 临解向我们粉丝朋友做一个保证。 所有的产品都是由。 我们工厂的工人按照严格要求生产出来的。 安装也是我们有专业的安装工人进行操作的。 如果质量和做工达不到标准的。 临解承诺给您拆了重装。 如果您也想买高品质性价比的门窗。 欢迎来临解工厂看看。,https://www.douyin.com/video/7473807104990661900,True,00:01:26,视频,1740131486
1766274232759290,南宁欧米德资门窗厂,2025-08-25 17:02:44,7474865835031481612,我们这里都有哪些推拉窗 #南宁门窗...窗厂家 #南宁封阳台 #欧米德资门窗,2025-02-24 14:20:07,"['南宁门窗', '南宁门窗定制', '南宁门窗厂家', '南宁封阳台', '欧米德资门窗']",南宁欧米德资门窗厂,127,4,6,1,"['居家', '装修设计', '家装主材']",有粉丝朋友问我 你们这里有哪些推拉窗。 那宁姐告诉你 我们这里哪一种推拉窗都可以生产。 如果您的预算没有卡的那么紧。 像我们这一款6.0后的八轨推拉窗。 能够打开75%绝对是值得您去考虑的。 来 你来看一下 这一款就是我们刚刚生产出来的。 6.0后的六轨推拉窗 这个框架有七米长。 如果您家是在20楼以上的 我们推荐这款6.0后的六轨推拉窗。 台风来了 也不用担心任何问题 推拉窗 你想要的任何的材料厚度。 你这里都可以制作 除了推拉窗 宁姐这里还有适合做大玻璃的断桥平开窗。 均衡通风和密封的侧压 气密窗 重型推拉门等各类门窗。 如果您家刚好也需要封窗 欢迎来宁姐工厂看看。,https://www.douyin.com/video/7474865835031481612,True,00:00:49,视频,1740378007
1766274232759290,南宁欧米德资门窗厂,2025-08-25 17:02:44,7476387022031146294,回答粉丝问题 高楼层怎么封窗 #南...窗厂家 #南宁封阳台 #欧米德资门窗,2025-02-28 16:43:13,"['南宁门窗', '南宁门窗定制', '南宁门窗厂家', '南宁封阳台', '欧米德资门窗']",南宁欧米德资门窗厂,17,-1,2,5,"['居家', '装修设计', '家装主材']",也有一个粉丝朋友问我30楼的高楼层 又想要做大波逆 问我封什么样的窗才能够确保安全。 首先 现在的新国标材料要求是1.8后 那宁姐给你推荐我们欧米德之这一款超国标2.0后的转桥平开窗。 相比于传统的2.0 像我们欧米德之这一款是6000。 相体结构 沉重部分达到4.0后的断桥平开窗 可以沉重几千斤 十米长的大波逆都不会出现晃动问题。 您姐这些年已经做了上万套的大波利封窗案例 如果您家刚好也是要那在评论区联系我。,https://www.douyin.com/video/7476387022031146294,True,00:00:37,视频,1740732193
1766274232759290,南宁欧米德资门窗厂,2025-08-25 17:02:44,7477520706884898084,好窗难卖 知音难寻呀 #南宁门窗 #...窗厂家 #南宁封阳台 #欧米德资门窗,2025-03-03 17:59:40,"['南宁门窗', '南宁门窗定制', '南宁门窗厂家', '南宁封阳台', '欧米德资门窗']",南宁欧米德资门窗厂,233,8,21,11,"['居家', '装修设计', '家装主材']",你知道你为什么最近又卖不出去了吗。 一般的门窗都是这样打开的。 你倒好非得要像商务车门一样的。 侧滑的开启方式。 不在室内空间。 这样我的成本不就又增加了吗。 别人的门窗都没有办法兼顾通风和亲密度。 你倒好非得要用这样的侧下的关门。 这样我的工艺不就又复杂了吗。 别人家的门窗都只做了一道防水。 你倒好非得要用五道防水安装工艺。 外面还要增加这个不锈钢的挡水板。 这样我挣的不就又少了吗。 活该你这个月只卖了200户。 根本就没有人懂你。 我昨天别再难过。,https://www.douyin.com/video/7477520706884898084,True,00:00:43,视频,1740995980
1766274232759290,南宁欧米德资门窗厂,2025-08-25 17:02:44,7479001281764363535,3月7号-9号 我在会展中心等你 #南...窗厂家 #南宁封阳台 #欧米德资门窗,2025-03-07 17:47:27,"['南宁门窗', '南宁门窗定制', '南宁门窗厂家', '南宁封阳台', '欧米德资门窗']",南宁欧米德资门窗厂,36,4,7,23,"['随拍', '生活记录', '日常vlog']",我们又又又又来参展了。 每次的家博会都少不了我们欧米德兹。 这一次的家博会。 我给我们的业主朋友带来了非常多的福利。 家博会三天 我给你们全场半价。 并且还赠送美国安德森的五道防水安装工艺。 3月7号到3月9号。 我在。 国际会展中心第一展厅等你们。,https://www.douyin.com/video/7479001281764363535,True,00:00:22,视频,1741340847
1766274232759290,南宁欧米德资门窗厂,2025-08-25 17:02:44,7480116525643386153,在广西你从没见过的6.0厚的推拉窗 ...窗厂家 #南宁封阳台 #欧米德资门窗,2025-03-10 17:55:16,"['南宁门窗', '南宁门窗定制', '南宁门窗厂家', '南宁封阳台', '欧米德资门窗']",南宁欧米德资门窗厂,169,62,66,18,"['居家', '装修设计', '家装主材']",我敢说你在广西。 从来都没有像过像我们这种6.0后的推拿窗。 那种200的材料不要再用了。 高楼层容易出现晃动安全得不到保证会容易变形。 像我们这种可以打开50%的6.0后的推拿窗。 不管您在30楼还是在40楼安装都是稳如他。 我们外面还可以加装这种。 来你过来还可以加装这种高新高套的沙瓦。 也可以加装金刚沙黄纹又通风。 好了我是林姐我在蓝黎卖门车。 如果你也需要记得来找我。,https://www.douyin.com/video/7480116525643386153,True,00:00:34,视频,1741600516
1766274232759290,南宁欧米德资门窗厂,2025-08-25 17:02:44,7481229873302785306,西派御江20米长的阳台你见过吗 #南...窗厂家 #南宁封阳台 #欧米德资门窗,2025-03-13 17:54:53,"['南宁门窗', '南宁门窗定制', '南宁门窗厂家', '南宁封阳台', '欧米德资门窗']",南宁欧米德资门窗厂,219,4,8,4,"['居家', '装修设计', '家装主材']",期盼预计20米长。 可以转弯的阳台长什么样。 哇哦。 这个是11米的一个阳台。 我们做的是一辆。 两片落地大玻璃的一个效果。 那这个玻璃我们采用的是。 15夹15的夹胶玻璃的助力。 这种大玻璃一定要用夹胶玻璃。 千万不能用真空。 否则它是不安全的。 这个转弯的位置。 我们做的是一个。 1-2玻璃的处理。 然后这个阳台的话。 我们业主是从这个地方。 进行了一个隔断。 那么这一块位置也是非常大。 应该有7米多长。 这个位置后期我们业主。 他想在这个地方。 做成一个烧烤区。 给娱乐的地方。 做大玻璃凝结是非常专业的。 因为我们每天都。 大玻璃在安装。 如果你想看现场。 欢迎随时来找我。,https://www.douyin.com/video/7481229873302785306,True,00:00:44,视频,1741859693
1766274232759290,南宁欧米德资门窗厂,2025-08-25 17:02:44,7481606371503377691,6米长2000斤的玻璃是怎么安装的 #...窗厂家 #南宁封阳台 #欧米德资门窗,2025-03-15 11:15:00,"['南宁门窗', '南宁门窗定制', '南宁门窗厂家', '南宁封阳台', '欧米德资门窗']",南宁欧米德资门窗厂,288,5,13,4,"['居家', '装修设计', '家装主材']",今天我们来到建发央喜。 带大家看一下。 6米多长。 2000斤的玻璃。 是怎么上楼的。 没事没事。 你可以踩的。 踩快了算我的。 没关系。 可以的。 这个两三个人。 几个人都没有问题的。 它这一户难度稍微大一点。 为什么。 因为它第一个楼层矮。 它楼层矮的话。 它这个地方它比较浅。 反倒高楼层它好操作一点。,https://www.douyin.com/video/7481606371503377691,True,00:00:55,视频,1742008500
1766274232759290,南宁欧米德资门窗厂,2025-08-25 17:02:44,7483828959503748403,我真的是全南宁最傻的女人了 #南宁...窗厂家 #南宁封阳台 #欧米德资门窗,2025-03-20 18:00:19,"['南宁门窗', '南宁门窗定制', '南宁门窗厂家', '南宁封阳台', '欧米德资门窗']",南宁欧米德资门窗厂,282,23,10,5,"['居家', '装修设计', '家装主材']",傻的女人了。 别人随便做个店铺。 摆几个样品她就能卖货。 而我卷在市场的情况下。 我还投资了1000多万。 还建在市场门口。 开了个6000平方的门窗工厂。 同行们他们都说我傻。 你非得要用那个。 6063T5的原生语干什么。 你就搞了个回收语。 反正客户他也不知道。 哎 他说那个玻璃。 你不要搞那个信义的。 你就搞那个普通的玻璃。 也可以 也得了。 是不是。 还说我那个五道防水。 他说你搞那个五道防水。 你外面还装那个钢板。 哎 你搞那个钢板。 你装上去干什么。 你就叫那个客户。 叫他们那个瓦工。 你瓦工去装好就行了。 这样你是不是省钱了。 你一个平方你摔下来的话。 你可以省200块钱一平方。 你是不是就挣钱了。 妈的 我管他们怎么说。 我是一定要用好品质的。 哎 我跟你说。 你那种品质不好的。 你刮大风的时候。 你吓不吓人。 哎 我就问你睡觉。 你能睡得安稳吗。 你能睡得着吗。 你没有一个好的品质。 你是没有办法。 在这个市场上面去立足的。 我相信我用好的品质。 而且价格越来越实惠。 我的生意会越来越好的。 宁姐就这么直接。 如果说你们选择相信我。 我一定不会让你们失望的。,https://www.douyin.com/video/7483828959503748403,True,00:01:08,视频,1742464819
1766274232759290,南宁欧米德资门窗厂,2025-08-25 17:02:44,7484163345587653915,感谢所有粉丝对玲姐的认可 #南宁门...窗厂家 #南宁封阳台 #欧米德资门窗,2025-03-23 11:40:00,"['南宁门窗', '南宁门窗定制', '南宁门窗厂家', '南宁封阳台', '欧米德资门窗']",南宁欧米德资门窗厂,185,2,8,4,"['居家', '装修设计', '家装主材']",林姐最近真的是太开心了。 因为每天都能收获好多粉丝的好评。 比如说我们的一个服务质量好啊。 还说到我们一个品质也比较高端。 再就是说到我们现场的安装师傅做事。 非常的细致。 那林姐看到这些好评真的是从内心里面。 第一表示感激 感谢大家。 然后第二。 也是非常的开心。 因为我这种没有输负大家的信任。 我们家的窗户全部都是采用。 606375的原生理财。 国标细意的玻璃。 还赠送您美国安德森的五道防水安装工艺。 并且我们还可以做到终身自保。 不管您是想要做断桥平开窗。 还是六轨推拉窗。 平移侧压窗。 重型推拉门。 所有室内的门窗。 林姐这边都是应有尽有。 感谢所有粉丝朋友对林姐的支持和信任。 我会继续努力加油的。,https://www.douyin.com/video/7484163345587653915,True,00:00:54,视频,1742701200
1766274232759290,南宁欧米德资门窗厂,2025-08-25 17:02:44,7486055374383074598,高性价比门窗有的兄弟 #南宁门窗 #...窗厂家 #南宁封阳台 #欧米德资门窗,2025-03-26 18:00:15,"['南宁门窗', '南宁门窗定制', '南宁门窗厂家', '南宁封阳台', '欧米德资门窗']",南宁欧米德资门窗厂,209,19,14,2,"['居家', '装修设计', '家装主材']",哎 林姐 林姐。 你给我推荐的那款。 可以打开75%通货的那款配纳窗啊。 我确实很喜欢。 但是我的预算有限。 哎 你能不能再给我推荐一款。 更加最有性价比的产品啊。 有有有有有。 来 像我们这一款。 可以打开50%的。 这款6轨的配纳窗也是非常好。 像这种配纳窗。 你需要买那个好的。 也买那个厚的。 你看看这个 看我们这材料。 你就得要用这种材料。 6.0厚的。 那种2.0的。 那种3.0都不能用啊。 你那配纳窗你如果不用好的。 你那中路怎么飞一飞。 那黄的不行。 那安全都不行的。 像我这种200斤的。 你就说它换不换吧。 并且像这样子的好产品。 它还极具性价比。 如果您也感兴趣。 欢迎来到临界。,https://www.douyin.com/video/7486055374383074598,True,00:00:42,视频,1742983215
1766274232759290,南宁欧米德资门窗厂,2025-08-25 17:02:44,7486766606874332453,为什么工厂直营价格还是不够便宜 #...窗厂家 #南宁封阳台 #欧米德资门窗,2025-03-29 18:00:00,"['南宁门窗', '南宁门窗定制', '南宁门窗厂家', '南宁封阳台', '欧米德资门窗']",南宁欧米德资门窗厂,15,5,5,4,"['居家', '装修设计', '家装主材']",最近有很多粉丝朋友都在问林姐。 你们这边是工厂做批发做直营的。 为什么外面还有价格会比你们更便宜。 其实关于价格问题。 它真的是没有最低。 它只有更低。 所以我们更应该去关注一个产品的品质和它的安全性。 像我们市面上的这种推测。 有人给你报价200多300多一瓶。 那像这种窗我们可以说100%它就是回收率了。 像我们欧米德兹这款6.0后的这个推拉窗。 我们采用的是一个6063T5的原生铝材。 并且表面处理给我们做到的是一个磁用工艺的。 看上去我们细节点更到位。 再比如像这种安装。 那我们市面上一般都是只采用一道防水的一个处理。 像我们欧米德兹做的是一个五道防水的安装工艺。 并且我们所有的师傅都是持刃上岗。 都买有高额保险。 来我们看一下我们这个五道防水工艺的一个处理。 包括外立面的这个不锈钢的挡水板。 也给你们做好了。 如果有些朋友。 追求价格。 不看品质。 那林姐这边真的不合适你。 林姐这边有6000平方的源头工厂。 每个月服务好几百个客户。 靠的就是我们高品质。 好的服务。 价格还非常的实惠。 如果您家刚好有工厂的需求。 欢迎来找林姐。,https://www.douyin.com/video/7486766606874332453,True,00:01:16,视频,1743242400
1766274232759290,南宁欧米德资门窗厂,2025-08-25 17:02:44,7486766969505451302,门窗生意太难做 通通给到批发价 #...窗厂家 #南宁封阳台 #欧米德资门窗,2025-04-01 10:00:00,"['南宁门窗', '南宁门窗定制', '南宁门窗厂家', '南宁封阳台', '欧米德资门窗']",南宁欧米德资门窗厂,222,171,81,27,"['居家', '装修设计', '家装主材']",他妈的 现在的门窗生意真的是太难做了 我实名宣布我工厂所有的产品都给粉丝。 第一发价 这是我在广西南宁快环附近的门窗工厂 工厂面积有6000多平 还有2000多平的门窗展厅 主要生产推拉窗 断桥瓶开窗 侧压门。 所有的系列应有尽。 像我们的门窗生产好了之后 都会在工厂经过严格的检查 调试才能出厂。 确保无误后再进行打包 给到客户的都是实实在在的产品 我在南宁做门窗已经有很多年了 而且口碑也一直非常不错。 但是我们南宁的朋友还有很多是不知道我们工厂位置的 我们在西西。 香堂区拥五路快环建产市场附近 我们下面有定位 离一角油门就能过来。,https://www.douyin.com/video/7486766969505451302,True,00:00:46,视频,1743472800
1766274232759290,南宁欧米德资门窗厂,2025-08-25 17:02:44,7488655388347354403,7米江景大阳台封窗案例 #南宁门窗 ...窗厂家 #南宁封阳台 #欧米德资门窗,2025-04-04 11:15:00,"['南宁门窗', '南宁门窗定制', '南宁门窗厂家', '南宁封阳台', '欧米德资门窗']",南宁欧米德资门窗厂,11,1,4,6,"['居家', '装修设计', '室内装修效果']",七米长的江景大阳台。 怎么样工商才能做到通风视野第一板桩。 今天我带大家来到金科博镜天城。 我们来看一套七米长的落地大堆的江景大阳台。 我们这个阳台一共做了五个开窗。 我在我们正面的两边。 第一边是做了两个开启位。 它的打开的位置可以打开。 打开的位置可以打开。 打开的位置可以打开。 打开的位置可以打开。 中间那么一片四米的落地大玻璃。 绝对将得见少年底。 这一片区域有买一种生活区。 正对着一米五开窗的位置。 在这里晒衣服也是极好。 太舒服了。 躺在这个按摩椅上看着外面。 这就是我们今天的江景。 你们快来到邻地通乡吧。 让邻地也过上一段前世的生活。,https://www.douyin.com/video/7488655388347354403,True,00:00:45,视频,1743736500
1766274232759290,南宁欧米德资门窗厂,2025-08-25 17:02:44,7490508778807348518,谁说大玻璃不安全 玲姐今天给你亲...窗厂家 #南宁封阳台 #欧米德资门窗,2025-04-07 18:01:51,"['南宁门窗', '南宁门窗定制', '南宁门窗厂家', '南宁封阳台', '欧米德资门窗']",南宁欧米德资门窗厂,12,4,1,1,"['居家', '装修设计', '家装主材']",是一个6米15加15的夹角玻璃。 它的一个墙壁还有一个。 我们美国安德森的五道防水安装。 安装的时候也是建国40到45公里。 会去打一颗膨胀火水蒂。 包括外侧的这个防水的。 五色高的防水板已经给它装好。 那么你不用再担心安全了。 如果您家刚好也有这样的需求。 欢迎请找我。,https://www.douyin.com/video/7490508778807348518,True,00:00:46,视频,1744020111
1766274232759290,南宁欧米德资门窗厂,2025-08-25 17:02:44,7491614896027602210,北投东境验收粉丝窗户 #南宁门窗 #...窗厂家 #南宁封阳台 #欧米德资门窗,2025-04-10 17:34:40,"['南宁门窗', '南宁门窗定制', '南宁门窗厂家', '南宁封阳台', '欧米德资门窗']",南宁欧米德资门窗厂,450,15,9,9,"['居家', '装修设计', '装修过程']",今天来到北投东境。 窗户已经装好。 给我的粉丝宝宝做个夜宿。 走。 这是我们一个5米克进的一个阳台。 当时也是因为我们这个粉丝要求。 做了一个三片落地的玻璃效果。 两侧也是做开了一个窗户。 后侧面也是多增加了一个窗。 保持着一定的一个通风量。 为什么今天我们会来到这一户来去。 给大家呈现这个案例。 因为最近有太多的一个粉丝给你解说。 啊 凌姐。 我在你那个视频里面看到的都是超大超大的玻璃。 但是我们家的第一个考虑到一个预算问题。 第二的话家里面有些老人了。 他觉得就是说大玻璃。 他觉得有点恐高。 他怕不安全。 所以今天凌姐特意来给大家拍摄一期。 就是可以。 今天提的一个方案。 落地的玻璃。 其实你整体来看的话。 这个玻璃也不是很小。 也能做到一个1米31米4的一个落地玻璃。 它的一个效果形象是比较漂亮的。 啊 这个祖国的位置。 当时你跟我说他都有一点恐高。 所以说我们在这地方给人家了一条孔道。 上面的这片玻璃也是非常地保护。 也是一个有。 2米2左右的一个尺寸。 它的视觉效果是比较好的。 还想看什么样的疯窗案例。 评论区留言凌姐给你安排。,https://www.douyin.com/video/7491614896027602210,True,00:01:09,视频,1744277680
1766274232759290,南宁欧米德资门窗厂,2025-08-25 17:02:44,7493483365023190307,门窗铝材是越厚越好吗 #南宁门窗 #...窗厂家 #南宁封阳台 #欧米德资门窗,2025-04-15 18:26:11,"['南宁门窗', '南宁门窗定制', '南宁门窗厂家', '南宁封阳台', '欧米德资门窗']",南宁欧米德资门窗厂,15,4,3,2,"['居家', '装修设计', '家装主材']",最近有粉丝朋友问我。 是不是形材越厚。 窗户的质量就会越好。 这个就要看你选择的是平开窗。 还是推拉窗。 如果像这种平开窗。 我们达到国家标准。 1.8厚以上即可。 如果您家想要做推拉窗。 那么您至少要做到这样。 3.0厚的材料才够稳固。 那如果您家是高楼层。 就在4米以上的阳台。 建议做到这款。 6.0厚的推拉窗才够稳。 我们这款六轨推拉窗。 材料B厚6.0。 搭配双层钢化信义玻璃。 加装了高透纱网可以上锁。 可保证安全的同时。 防蚊又通风。 如果您家也想要高品质。 价格又实惠的门窗。 欢迎来临决工厂。,https://www.douyin.com/video/7493483365023190307,True,00:00:40,视频,1744712771
1766274232759290,南宁欧米德资门窗厂,2025-08-25 17:02:44,7494560942114475302,谁说推拉窗不安全 来看这款八轨推...窗厂家 #南宁封阳台 #欧米德资门窗,2025-04-18 16:05:30,"['南宁门窗', '南宁门窗定制', '南宁门窗厂家', '南宁封阳台', '欧米德资门窗']",南宁欧米德资门窗厂,40,50,15,7,"['居家', '装修设计', '家装主材']",你们还在担心推弹床不安全吗。 那是因为你没有见过我这款材料。 16788条轨道。 包括我们的扶手位置有31公分。 不管您在30楼还是40楼。 都是稳如泰山。 一点都不在晃动。 可以做到三扇玻璃重叠。 打开面积能达到75%。 关键性。 效果更好。 通风更强。 外面可以加装高清高透沙瓦。 防蚊又通风。 内置10公分的扶手。 你观景的小吧台。 如果人家也想要封这样的推拉窗。 一定要来临界工厂看看。,https://www.douyin.com/video/7494560942114475302,True,00:00:37,视频,1744963530
1766274232759290,南宁欧米德资门窗厂,2025-08-25 17:02:44,7496071936326241576,大通风大视野的侧压平移窗他来啦 #...窗厂家 #南宁封阳台 #欧米德资门窗,2025-04-22 17:50:05,"['南宁门窗', '南宁门窗定制', '南宁门窗厂家', '南宁封阳台', '欧米德资门窗']",南宁欧米德资门窗厂,88,49,26,4,"['居家', '装修设计', '家装主材']",2025年在蓝领想要封窗的朋友们。 千万不要踩坑了。 像这款大蓬蓬。 大视野。 就不占室内空间的。 特压提升窗。 它来了。 整扇屏移开启。 没有坠落的风险安全可靠。 还可以在任意位置定点停留。 想开多大就开多大。 满足零大。 大通风的需求。 采用飞机窗门。 侧开关闭原理。 没有缝隙。 气密度更高。 风雨再大也不怕。 外面可以加装玻璃库男。 也可以加装落地的防盗栏杆。 家中有小孩的。 也不用担心安全问题。 这种高清折叠沙瓦。 也给你安排上了。 关键是这么好的窗户。 性价比还最高。 如果你想了解具体的详情。 欢迎来到零件。,https://www.douyin.com/video/7496071936326241576,True,00:00:45,视频,1745315405
1766274232759290,南宁欧米德资门窗厂,2025-08-25 17:02:44,7497190704569994548,只有南宁本地人才知道的门窗工厂 #...窗厂家 #南宁封阳台 #欧米德资门窗,2025-04-25 18:09:17,"['南宁门窗', '南宁门窗定制', '南宁门窗厂家', '南宁封阳台', '欧米德资门窗']",南宁欧米德资门窗厂,22,6,5,2,"['居家', '装修设计', '家装主材']",要不说南宁人聪明直接来到快环剑彩市场旁。 高过中间上和6000平的门窗工厂直接对接。 花南宁本地的价格就能买到火山一线品牌的门窗。 无论是关桥屏开窗。 溜轨推拉窗。 亲密车压窗等各种门窗这里都有。 开包安装。 征送美国安德森第五刀防碎工艺。 来这里买门窗至少省下好几千块钱。,https://www.douyin.com/video/7497190704569994548,True,00:00:27,视频,1745575757
1766274232759290,南宁欧米德资门窗厂,2025-08-25 17:02:44,7498702071839952164,如何做生意才是长久之道 #南宁门窗...窗厂家 #南宁封阳台 #欧米德资门窗,2025-04-29 19:58:17,"['南宁门窗', '南宁门窗定制', '南宁门窗厂家', '南宁封阳台', '欧米德资门窗']",南宁欧米德资门窗厂,98,-1,3,3,"['个人管理', '职场技能', '职场营销']",其实每个行业里面都有每个行业的套路。 就看你这个老板你怎么去定位他。 你没有真诚去做的话。 你是做不了长久生意的。 你只能骗人家一时。 你骗一个骗两个。 你骗不了那么多年。 所以我觉得还是要真诚一点。 不忘初心嘛。 客户给我钱。 我来提供好的品质给你。 不管是。 人窗也好还是各行各业的生意也好。 我觉得品质其实很重要。 你现在做这种楼盘信息。 大家都有群。 那你口碑不好。 人家在群里面给你一串穿。 你没办法做的。 你说的再好。 你都不如老客户给你的好口碑。 你说一百句你也顶不了。 他们给你说一句好。 所以我们现在的经营领先就是。 你要服务好客户。 你才有源源不断的生意。 你才能够长久支撑。,https://www.douyin.com/video/7498702071839952164,True,00:00:44,视频,1745927897
1766274232759290,南宁欧米德资门窗厂,2025-08-25 17:02:44,7499047690194537739,对南宁的印象是什么 #南宁门窗 #南...窗厂家 #南宁封阳台 #欧米德资门窗,2025-05-02 12:20:00,"['南宁门窗', '南宁门窗定制', '南宁门窗厂家', '南宁封阳台', '欧米德资门窗']",南宁欧米德资门窗厂,240,20,7,4,"['随拍', '生活记录', '日常vlog']",我很喜欢南宁。 我觉得南宁的人比较踏实。 而且幸福指数非常高。 因为这边整体来说节奏会慢一点。 我们在湖南的时候是早上8点钟。 必须得上班。 但是我们在南宁来了之后。 我们是9点上班。 而且对吃的方面很随意。 我们湖南就喜欢吃这些炒菜。 吃多一点。 但是我们来广西肚子饿了。 有时候吃一碗粉。 我觉得也很幸福。 也很知足了。 然后下班了之后。 我们就在路边随便架一个什么折叠桌。 几个朋友在一起。 就架在路边。 露天啤酒小龙虾就可以了。 但是我们原来在湖南的时候。 很少会这样操作。 在那边没有那么松弛。 在南宁还是比较松弛。 所以说这边幸福指数非常高。 而且南宁城市也很美。 我觉得在这个地方。 我感受最深的就是人很随和。 也很愿意帮忙。 就是你在路上你去问人家一个什么。 人家都很乐意去帮你。 所以也是在这边已经定居了。 现在全家老小都在这边。 小孩也在这边上学了。 老人也过来了。 其实也就是。 发展自己的一份事业了。 不是说过度。 不是背包客。,https://www.douyin.com/video/7499047690194537739,True,00:01:04,视频,1746159600
1766274232759290,南宁欧米德资门窗厂,2025-08-25 17:02:44,7501276599619292457,我们的服务好在哪 #南宁门窗 #南宁...窗厂家 #南宁封阳台 #欧米德资门窗,2025-05-06 18:28:29,"['南宁门窗', '南宁门窗定制', '南宁门窗厂家', '南宁封阳台', '欧米德资门窗']",南宁欧米德资门窗厂,177,7,6,2,"['随拍', '生活记录', '日常vlog']",第一个点就是我们来做生意。 首先你不能以次充好。 你不能以投粮换注。 人家看了什么产品。 你要真的是货对版的去给到别人。 你不能说因为你这个利润低。 你去给人家换东西。 这个肯定是不行的。 你像我们工厂。 我们也支持客户来我这里验货。 你验完货你可以跟随我的货车送到家里面去。 第二点的话就是好的服务。 你的安装细节点。 你怎么去答应客户的。 你就要怎么做到。 为了收客户钱。 你谁不会说好听的话呢。 但是你真正是否能够落地去执行。 其实这个就很重要了。 第三点就是说我们的一个质保问题。 像我们说产品方面。 没有谁家的东西说做完能够。 没有一点问题。 或者说在使用过程中。 能够一直没有问题。 那你多多少少。 都会出现一些小问题。 什么推他轮子不好用。 有五斤 把手。 卡顿不好用 坏掉。 这些肯定会出现的。 那么就是在你出现之后。 你是否能够及时的去给客户处理。 我们是这样。 我们每一个客户都建议。 这个服务群。 并不会因为我这个单完成安装了。 我们就解散了。 我们不会解散。 就是你后期有什么问题。 你在群里面你发出来。 我们有专门的售后团队。 还在群里面继续为你服务。 一般客户在群里面。 反馈情况了之后。 我们一般就是在一天。 或者最多两天时间。 我们就会上门去帮你处理。,https://www.douyin.com/video/7501276599619292457,True,00:01:20,视频,1746527309
1766274232759290,南宁欧米德资门窗厂,2025-08-25 17:02:44,7503497877222673691,感谢粉丝朋友们的支持 玲姐新扩第...窗厂家 #南宁封阳台 #欧米德资门窗,2025-05-12 18:06:14,"['南宁门窗', '南宁门窗定制', '南宁门窗厂家', '南宁封阳台', '欧米德资门窗']",南宁欧米德资门窗厂,186,13,6,1,"['随拍', '生活记录', '日常vlog']",感谢我所有的粉丝客户朋友们。 那边的江山 林姐已经打下来了。 这是我们新困的第三个厂房。 总面积有八千多平方。 现在你看到了我们外面在装修。 是准备在做一个招牌。 我们这个招牌有60米长。 也是非常的大气好看。 林姐能够有今天的发展是离不开我。 我们粉丝朋友的信任和支持。 那么我不忘初心。 一定会把事情干好。 把服务做好。,https://www.douyin.com/video/7503497877222673691,True,00:00:27,视频,1747044374
1766274232759290,南宁欧米德资门窗厂,2025-08-25 17:02:44,7504212549492116751,消费者想要的到底是什么 #南宁门窗...窗厂家 #南宁封阳台 #欧米德资门窗,2025-05-14 16:20:40,"['南宁门窗', '南宁门窗定制', '南宁门窗厂家', '南宁封阳台', '欧米德资门窗']",南宁欧米德资门窗厂,115,4,5,1,"['个人管理', '职场技能', '职场营销']",其实消费者现在要的东西很简单。 你服务给我做到位。 你出现问题之后。 你不去逃避。 你不去选择。 不去管。 你积极帮人家处理。 还有有些玻璃。 你想国家都允许有玻璃自爆率吗。 你想我们也遇到过玻璃自爆的这种情况。 那你玻璃破了之后。 我们第一时间。 我们不是想的是说。 哎 你这是沦为的吗。 我们第一件事情就是跟个。 比如说你把这个玻璃尺寸。 只是哪一块地方破的。 马上给他把这个玻璃先补回来。 先下单。 然后尽快的时间。 我们去给他安装好。 这样客户就很舒服。 但是很多门店。 当然这个我也不是要去诋毁同行。 很多门店确实做不到这一点。 你当真正的有问题出现之后。 他们很多都是第一时间去推卸之后。 你就说。 因为我只给你赔玻璃。 我不包人工。 我赔个玻璃给你。 你人工费你要出。 这个要出 辣的要出。 像我们没有那么多这样的。 也破了就给你换上。 包人工包材料都是免费的。 因为我们当时购买的时候。 我们就是这样承诺的。 当真正出现这种问题的时候。 我们也真的是落地做道。,https://www.douyin.com/video/7504212549492116751,True,00:00:58,视频,1747210840
1766274232759290,南宁欧米德资门窗厂,2025-08-25 17:02:44,7504947148786617615,别再用传统平开窗封阳台了 #南宁门...窗厂家 #南宁封阳台 #欧米德资门窗,2025-05-17 11:50:00,"['南宁门窗', '平移侧压窗', '南宁门窗厂家', '南宁封阳台', '欧米德资门窗']",南宁欧米德资门窗厂,53,14,25,33,"['居家', '装修设计', '家装主材']",不要再用传统的平开窗 风扬台了。 现在都流行这种大通风大视野的侧压平移窗。 左右滑动的开启方式。 不在室内空间。 想开多大就开多大。 向内挤压的关闭方式。 气密度堪比平开窗。 中间还可以加装落地大玻璃。 通风视野一把刷。 外面可以加装这种落地栏杆。 或者是玻璃护栏。 家中有小孩的也不用担心安全问题。 外面还可以加装这种折叠沙瓦。 防蚊又通风。 这样的风扇方式你喜欢吗。 如果你也有需要。 欢迎来找凝结。,https://www.douyin.com/video/7504947148786617615,True,00:00:35,视频,1747453800
1766274232759290,南宁欧米德资门窗厂,2025-08-25 17:02:44,7506466318032456995,我做门窗是什么理念 #南宁门窗 #南...窗厂家 #南宁封阳台 #欧米德资门窗,2025-05-20 18:06:57,"['南宁门窗', '南宁门窗定制', '南宁门窗厂家', '南宁封阳台', '欧米德资门窗']",南宁欧米德资门窗厂,44,2,3,-1,"['随拍', '生活记录', '日常vlog']",门窗是属于这种外墙建筑的产品。 你装在家里面。 你基本上最起码要管十年以上的。 但是你产品没买好的话。 哪里能管十年。 很多在楼下那些入点的。 给你们去买。 可能一年两年。 那些五斤间就锈了。 人家没有品牌意识。 他想的就是短暂的生意。 我如何挣得更多。 那我肯定就是用次一点的产品。 我们要挣钱怎么样操作。 我们真的是以一份事业去做。 而不是想的是。 我就做个一年两年。 我就跑掉。 或者我就换地方。 我们想的是长久稳定的牌去做。 所以我们不敢用那种便宜的东西。 你像南宁这种天气。 有时候也刮大风。 其实也是很可怕的。 你真的是用了那个便宜的东西。 你睡觉都睡不安稳的。 你真的。 但是万一出现问题。 我们能跑的地方跑不了。 这么大工厂。 人家也找我麻烦。 但是那种小店。 说句实话。 真的是出现什么问题。 他也没有抗风险的能力。 所以我们比较注重品质这一块。 这就导致了什么。 有些客户说。 别人比你便宜。 你要是那个价格你卖给我。 我就来你这里买。 我们也不收这个钱。 就你给我我也不敢卖。 因为我所有的客户。 必须要签合同的。 我给你多久的。 只把我们合同里面。 白纸黑字。 具有法律效应的。 都是写得清清楚楚。 你真的是要我那很便宜的东西。 我哪里敢给你签合同。 没有必要冒这个风险。 有时候有些钱是不能挣的。 有时候这个钱你看是挣到手了。 出了问题之后你赔得更多。,https://www.douyin.com/video/7506466318032456995,True,00:01:19,视频,1747735617
1766274232759290,南宁欧米德资门窗厂,2025-08-25 17:02:44,7507208346106219791,门窗安装细节 有什么注意事项 #南...窗厂家 #门窗安装细节 #南宁封阳台,2025-05-23 12:10:00,"['南宁门窗', '南宁门窗定制', '南宁门窗厂家', '门窗安装细节', '南宁封阳台']",南宁欧米德资门窗厂,115,14,13,5,"['居家', '装修设计', '家装主材']",凭什么林姐能在德天府小区安装100多户。 今天我带你看一下我们的安装细节。 我们在安装的时候一定要注意以下几点。 现在林姐给你讲明白。 过来。 首先第一点。 我们的地台一定要先刷一道防水。 因为你不刷防水。 这个地台容易产生这种裂缝。 就容易出现渗水的问题。 第二点。 我们。 底部一定要用防水沙浆。 就是这个位置。 我们窗框的底下。 一定要用到门窗专用的防水抗内沙浆。 像那种普通水泥和发泡胶。 是不能再用了。 第三点。 想要你家的门窗。 不被风吹走。 打钉是关键。 间隔35到40厘米。 就必须要打一颗。 而且要采用不锈钢的。 鸿藏螺丝钉。 千万不能再用那种小黄鱼了。 第四。 外面的不锈钢的防水板。 一定要给装好。 不能再用磁砖了。 因为磁砖它起不到防水效果。 而且时间久。 它还容易空谷。 出现掉落问题。 真的是砸到人砸到车都不好。 林姐的每一套工地。 都是采用的五道防水安装工艺。 随时欢迎我们。 各位业主朋友们监督。,https://www.douyin.com/video/7507208346106219791,True,00:01:01,视频,1747973400
1766274232759290,南宁欧米德资门窗厂,2025-08-25 17:02:44,7508693379388017958,如何看待门窗价格战 #南宁门窗 #南...窗厂家 #南宁封阳台 #欧米德资门窗,2025-05-26 18:07:24,"['南宁门窗', '南宁门窗定制', '南宁门窗厂家', '南宁封阳台', '欧米德资门窗']",南宁欧米德资门窗厂,127,6,3,-1,"['居家', '装修设计', '家装主材']",你说比价格。 你现在市面上的价格。 没有最低只有更低嘛。 300多你还有200多的。 真的 我说没有最低只有更低。 因为我们自己也是消费者。 对吧 我们有时候去买。 贵一点的东西的时候。 不会去完全用价格去衡量。 去多方面对比。 我们一个是品质啊。 品牌啊。 一些细节点啊。 包括我们的服务品。 还有这个商家。 它靠不靠谱啊。 还有后续的一些保障。 它也是多项去选择嘛。 不会是完全就是。 哎哪里最便宜我去哪里买。 那市面上好的东西都卖不掉了。 因为好的东西。 它肯定就不会很便宜嘛。 那你肯定你贵有贵的原因嘛。 也有消费者说。 我就只看价格。 也有这样子。 但是对于我们这里来说的话。 品质的会多一些。,https://www.douyin.com/video/7508693379388017958,True,00:00:41,视频,1748254044
1766274232759290,南宁欧米德资门窗厂,2025-08-25 17:02:44,7510175055754644773,门窗工厂直销还享受15%国补 #南宁...定制 #南宁门窗厂家 #欧米德资门窗,2025-06-01 11:55:00,"['南宁门窗', '国补', '南宁门窗定制', '南宁门窗厂家', '欧米德资门窗']",南宁欧米德资门窗厂,7,2,2,1,"['居家', '装修设计', '家装主材']",这已经准备疯洋台的业主朋友们 你们正大发了 我们欧米的自门窗工厂直销 还可以享受15%的国谱。 并且还这送你五道防水安装工艺 连外侧的不锈钢的防水板也给你装好了 你想要的断桥瓶开窗 六轨推拉窗 侧压平一窗等等我这里都有。 你想要哪一款创新评论区告诉我 您姐给你安排。,https://www.douyin.com/video/7510175055754644773,True,00:00:24,视频,1748750100
1766274232759290,南宁欧米德资门窗厂,2025-08-25 17:02:44,7511607577801788698,在南宁也能买到一线品牌的佛山门窗...山门窗 #南宁封阳台 #欧米德资门窗,2025-06-03 14:35:29,"['南宁门窗', '南宁门窗定制', '佛山门窗', '南宁封阳台', '欧米德资门窗']",南宁欧米德资门窗厂,14,3,2,7,"['居家', '装修设计', '家装主材']",南宁也能买到佛山一线品牌的门窗了。 我们是佛山欧米德之门窗 在南宁的正版授权工厂 位置就在西乡堂区拥五路秀林仓库。 不只价格实惠 而且我们的售后服务更加的完善 我们自有安装公司给你安装全部采用标准化的。 品质有保障 我们的女才全部都是从佛山欧米德的总部拿过来的 搭配信义的玻璃大品牌五金 还能给您终身自保。 在南宁 如果你想用工厂的价格买到佛山一线品牌的资料门窗 林姐这里是你的首选哦。,https://www.douyin.com/video/7511607577801788698,True,00:00:37,视频,1748932529
1766274232759290,南宁欧米德资门窗厂,2025-08-25 17:02:44,7512769877661306139,我们的安装服务是全南宁相当好的 #...窗厂家 #南宁封阳台 #欧米德资门窗,2025-06-06 17:45:06,"['南宁门窗', '南宁门窗定制', '南宁门窗厂家', '南宁封阳台', '欧米德资门窗']",南宁欧米德资门窗厂,68,5,5,-1,"['居家', '装修设计', '家装主材']",南宁这边也有很多人去学习我们五道防水。 林洁这边也是一个朋友。 他在国外也是做门窗生意。 他就跟我说了。 他说像我们国外的安装标准都比较高的。 因为那边沙尘暴啊。 恶劣天气比较多。 国内还说都做的还比较简单。 然后就跟我说了一些细节点。 于是我就去改进了。 所以说我们就申请。 自己的一个五道防水的安装工艺。 市场的反馈情况非常好。 因为我自从做了这个防水工艺之后。 一户漏水的情况都没有。 原来的话会偶尔出现有时候刮大风。 下大雨的时候。 因为有些它地台有裂缝啊。 会漏过水。 因为客户反馈情况非常好。 那很多商家就开始模仿也去做五道防水。 但是他们真正做的话也就是。 模仿了我们的外面的那些钢板。 有很多东西模仿就是模仿的。 也不知道我的精髓点在哪里。 我们是自己的安装公司。 我这个安装公司是跟随我们的门窗厂。 一起来成长进步的。 我们的师傅我可以说就是。 每一次安装有什么问题。 我们都在总结。 因为我们一个月开试试会。 我会把问题。 拿出来复盘以后要注意。 因为很多东西你是想不到那么完整的。 都是在过程中你发现问题。 你再去整改。 没有谁能做到百分之百。 那我们自己的安装师傅。 我们都是统一培训。 我是那种个人来做的。 所以我们的安装的标准流程。 它就更完善。 你如果不是自己的工人。 你在外面随便请。 的团队来。 你没有得到正规的培训。 那你的安装水平是称赤不齐的。 那有可能这个人做的好。 那个人做不好。 你说做都能做。 但是你有标准和没有标准。 你得到的结果就不一样。 像我们有18大的一个验收标准。 业主要全程验收。 验收要给我们签好字。 我们才会给师傅发放工资。 这个师傅。 他知道公司对他有严格要求。 他也会尽情尽责地去做。 也会很去珍惜这个事情。,https://www.douyin.com/video/7512769877661306139,True,00:01:46,视频,1749203106
1766274232759290,南宁欧米德资门窗厂,2025-08-25 17:02:44,7513882420190530854,我为什么关掉了南宁的门窗专卖店 #...窗厂家 #南宁封阳台 #欧米德资门窗,2025-06-09 17:42:09,"['南宁门窗', '南宁门窗定制', '南宁门窗厂家', '南宁封阳台', '欧米德资门窗']",南宁欧米德资门窗厂,66,7,4,1,"['个人管理', '职场技能', '职场营销']",我们欧米德兹是全国新的品牌 全国也有1000多家门店 我是做的广西总代。 原来我们欧米德兹到广西来的时候 我们不是以这种直接面对终端业主的方式去做的 我们是批发给一些专卖店。 原来我在南宁有六个专卖店 但是专卖店的运营成本也高 而且价格。 卖的不便宜 要生存 这个也正常 但是我工厂我要的是量 我工厂没有量的话 总部也不给我做 专卖店你利润那么高 你量就起不来。 所以说我们就取消了我们的专卖店的模式 就以工厂直营的方式面对我们的终端业主 也就是说现在我们基本上给业主的价格 就是原来。 我们店给我拿过的价格 所以我们量就大嘛 正儿八戒我们是佛沙的材料回来的 每一根材料都是这样的 就是我们消费者也可以进行去核实的。 真的不是说去拿外面的一些材料也是从好去做 我们这种价格方面定位啊 包括我们的服务标准啊 真的很实惠很实惠了 像我们商家也真的很少。 因为工厂的话主要是薄利多销嘛 你一个打你真的多没有用的 你起不来量嘛 你说我在现在的价格技术上面 我加一点我也能卖得动。 但是那样肯定是没有现在这么打 你想长久稳定 你还是要多一点客户群体 你价格便宜一点 然后服务标准做好一点 那你的客户才会稳定啊 源源不断的才有人来嘛。,https://www.douyin.com/video/7513882420190530854,True,00:01:19,视频,1749462129
1766274232759290,南宁欧米德资门窗厂,2025-08-25 17:02:44,7515381378029063475,家博会给你们粉丝福利价 #南宁门窗...门窗厂家 #南宁封阳台 #南宁家博会,2025-06-13 18:39:18,"['南宁门窗', '南宁门窗定制', '南宁门窗厂家', '南宁封阳台', '南宁家博会']",南宁欧米德资门窗厂,24,1,4,2,"['居家', '装修设计', '家装主材']",南宁最近准备疯窗的业者朋友们 捡六的机会来了。 6月13到6月15我们欧米得知加博会三天 直接给你充分福利价 我们在工厂价的基础上。 还给您赠送价值150块钱一瓶的美国安德森的五道防水安装工艺 并且还可以享受。 15%的补贴 南宁最近想要疯窗的朋友们 千万不要错过。,https://www.douyin.com/video/7515381378029063475,True,00:00:24,视频,1749811158
1766274232759290,南宁欧米德资门窗厂,2025-08-25 17:02:44,7515381615544126770,做大玻璃一定要注意安全问题 #南宁...窗厂家 #南宁封阳台 #欧米德资门窗,2025-06-15 11:40:00,"['南宁门窗', '南宁门窗定制', '南宁门窗厂家', '南宁封阳台', '欧米德资门窗']",南宁欧米德资门窗厂,116,9,7,1,"['居家', '装修设计', '家装主材']",前几天我们有一个京客的业主。 他发信息给我。 他说他楼下有一片大玻璃掉下去了。 砸到了一台50多万的新车。 我说正常来说玻璃破了它是。 蜘蛛网状啊。 它是不可能往下掉的。 后来我去现场看了。 那片玻璃有4米长。 那个商家居然给他用的是一个中控的玻璃。 像我们一般来说的话。 3米5。 我们就推荐要用到夹角。 我们也都知道我们的玻璃都有自爆率。 那你做夹角的玻璃。 万一出现自爆。 你那个玻璃它是成蜘蛛网状。 它是连在一起的。 它不可能会掉下去的。 所以说在大玻璃匹配这一块。 我们是一定要非常注意的。 做大玻璃一定要做夹角。 这个不光是保护自己。 也是为了他人的安全。 所以说要做大玻璃。 一定要选择正规的。 而且专业的这种好一点的商家。 不可马虎。 到时候真的是出现问题。 后悔都来不及了。,https://www.douyin.com/video/7515381615544126770,True,00:00:49,视频,1749958800
1766274232759290,南宁欧米德资门窗厂,2025-08-25 17:02:44,7517227511047081253,6.0厚六轨推拉窗落地案例 #南宁门...窗厂家 #南宁封阳台 #欧米德资门窗,2025-06-18 18:02:40,"['南宁门窗', '南宁门窗定制', '南宁门窗厂家', '南宁封阳台', '欧米德资门窗']",南宁欧米德资门窗厂,113,14,7,2,"['居家', '装修设计', '家装主材']",6.0后的六轨腿那窗。 已经装到你们家了。 这是一个5米长的大阳台。 做了两片大玻璃。 单上可以做到2米5大窿窿。 大视野效果非常棒。 6.0的B后。 不管您在多高的楼层。 都不会出现摇晃问题。 没看到吗。 这个是高透的沙网。 已经给你安排上楼。 高透的沙网。 防蚊 通风。 视觉效果也是非常棒。 内置10公分的扶手。 你关紧了小吧台。 如果你也喜欢这样的。 大通风 大视野的推拉窗。 欢迎来找林姐给你安排哦。,https://www.douyin.com/video/7517227511047081253,True,00:00:41,视频,1750240960
1766274232759290,南宁欧米德资门窗厂,2025-08-25 17:02:44,7519024356337421580,同样的价格 我们的品质更好 #南宁...窗厂家 #南宁封阳台 #欧米德资门窗,2025-06-23 14:15:02,"['南宁门窗', '南宁门窗定制', '南宁门窗厂家', '南宁封阳台', '欧米德资门窗']",南宁欧米德资门窗厂,88,14,6,2,"['居家', '装修设计', '家装主材']",市面上永远都没有又好又便宜的东西。 同样的品质我们比人家要便宜。 但是说光只看到价格。 那我们肯定不是最低的。 你既然有这么规范的流程。 你就不可能是最便宜的。 市面上永远都没有又好又便宜的东西。 这个只能看你出的这个钱。 它值不值这个价。 我们说叫性价比。 我们一般是去对标佛山过来的一些品质品牌。 我们价格是非常有优势的。 因为我们没有中间商。 有很多是从佛山过来的那些门店。 他们跟佛山拿货有中间商。 那我这里是自己生产的。 你可以真正实实看到材料。 我们的一些组装的点。 用到的配件。 我们用到的辅料。 我们都是按照一线品牌的标准来做的。 因为我们总部对我们要求也比较严格。 你做整个广西市场。 你不能把东西一顿烂做。 我们都是有标准的。 配件怎么用。 辅料怎么用。 都是有讲究的。,https://www.douyin.com/video/7519024356337421580,True,00:00:55,视频,1750659302
1766274232759290,南宁欧米德资门窗厂,2025-08-25 17:02:44,7520465584727919891,在南宁用工厂价买到佛山一线门窗 #...窗厂家 #南宁封阳台 #欧米德资门窗,2025-06-27 11:27:40,"['南宁门窗', '南宁门窗定制', '南宁门窗厂家', '南宁封阳台', '欧米德资门窗']",南宁欧米德资门窗厂,134,19,35,5,"['居家', '装修设计', '家装主材']",咱们来看你怎么用工厂的价格买到佛山一线品牌的门窗。 同样的价格我们品质更好。 那么好在哪里 林姐带你看一下。 首先我们实力硬。 我们有两大工厂占地14000坪。 生产到安装一站适配齐。 每一扇门窗从开料 煮宽到打包。 每个环节都是严格的。 加厚打包膜 润书 保障门窗 顺利交付。 旁边就是3000坪的展厅。 市面上流行的断桥平开窗 侧压平衣窗。 六轨推拉窗 全部都有。 我们还有一款空风可以达到75%的6.0厚的八轨推拉窗。 其次 产品更加有保障。 我们是。 佛山一线品牌门窗。 门窗均采用佛山原生女材。 信义的圆片玻璃 一线品牌五金。 更关键的是我们服务更周到。 自有安装团队 标准化的安装流程。 还有18道验收标准。 给每一位业主都安排了5道防水安装工艺。 直接摆脱。 24小时内为你上门解决所有售后问题。 我是林姐。 在兰宁已经服务了3万名业主。 如果你也想买高品质的佛山门窗。 欢迎来林姐工厂看看。,https://www.douyin.com/video/7520465584727919891,True,00:01:11,视频,1750994860
1766274232759290,南宁欧米德资门窗厂,2025-08-25 17:02:44,7520569749760216363,带你们验收下粉丝的工地 #南宁门窗...窗厂家 #南宁封阳台 #欧米德资门窗,2025-06-29 12:15:00,"['南宁门窗', '南宁门窗定制', '南宁门窗厂家', '南宁封阳台', '欧米德资门窗']",南宁欧米德资门窗厂,170,10,7,8,"['居家', '装修设计', '家装主材']",凭什么林姐一个月能接到几百户客户的订单。 离不开我们这18大验收标准。 今天林姐带你过去工地现场验收。 业主把那个指纹密码都给我了。 给他验收一下推拉窗。 那推拉窗我们看一下这种丝滑度。 这一上差不多有三米长了。 推拉起来了还是比较顺。 毕竟有这么大的扇叶。 我们看一下这个沙网。 这个是做的是一个高透的沙网。 并且搭配了一个儿童的锁点。 更加的安全。 像这种窗框的底下。 这种抬高缝。 一定要采用这种防水抗烈的沙浆。 那种什么泡沫胶。 这种普通水泥。 现在我们来看一下外面的这个。 不锈钢的防水板装好没有。 这个外面的防水板已经装好了。 这个胶也打得比较饱满。 防水是没有问题的。 像这种外面一定要安装。 这种不锈钢的防水板。 那种瓷砖不能再贴了。 瓷砖贴在外面第一它不防水。 第二时间久它容易空骨出现掉落问题。 封张找林姐。 林姐给你。 亲自上门做质检验收。,https://www.douyin.com/video/7520569749760216363,True,00:01:07,视频,1751170500
1766274232759290,南宁欧米德资门窗厂,2025-08-25 17:02:44,7522421255606193459,我们是如何保障标准化安装的 #南宁...窗厂家 #南宁封阳台 #欧米德资门窗,2025-07-02 17:56:35,"['南宁门窗', '南宁门窗定制', '南宁门窗厂家', '南宁封阳台', '欧米德资门窗']",南宁欧米德资门窗厂,88,10,4,2,"['随拍', '生活记录', '日常vlog']",我们安装用到的辅料。 那些钉子那些胶。 我们都是自己公司里面。 每天发货的时候发过去的。 我们不会承包给师傅。 你看外面很多那些。 外面请的师傅。 都是承包给他。 但是那种承包制的话。 师傅他就很多会去节省。 因为省出来就是自己的。 我省一字交易20块。 省点螺丝钉。 省点发泡胶。 那我也都是省着钱。 但是我们下面的工人。 他只负责做事。 所有的辅料。 包括我们的这种防水沙浆。 都是我公司配过去的。 这样子的话。 他按照我的要求去做。 他也不会为了老板省钱。 他没有必要。 他就是要把这个事情要做好。 我东西配过去你安装。 按照我的要求来做好。 不够我再去补发给你。 我们有所有东西配上了。 然后达不到我们说的标准。 我们也会去补发给他的。,https://www.douyin.com/video/7522421255606193459,True,00:00:47,视频,1751450195
1766274232759290,南宁欧米德资门窗厂,2025-08-25 17:02:44,7523128894103276826,大别墅封窗如何做设计 #南宁门窗 #...窗厂家 #南宁封阳台 #欧米德资门窗,2025-07-05 11:45:00,"['南宁门窗', '南宁门窗定制', '南宁门窗厂家', '南宁封阳台', '欧米德资门窗']",南宁欧米德资门窗厂,57,5,4,1,"['居家', '装修设计', '室内装修效果']",如果你有一套大别墅。 你会怎样做风窗设计。 今天你姐带你来看一套中海湖上景名的大别墅落地案例。 客厅位置做的是一个落地大玻璃。 采用12加12的一个夹角玻璃。 更加的安全可靠。 现在我们来到的是顶楼。 业主后期会在这边做一个茶室。 所以整个。 整个空间都是做了一个推拉窗的设计。 前后的推拉窗对流。 所以我们现在通风效果看着是非常棒的。 那你在这边顶上。 我们用的是一个夹角玻璃的阳光网顶。 所以说它的一个采光也是非常棒的。 风窗找林姐。 林姐给你亲自做验收。,https://www.douyin.com/video/7523128894103276826,True,00:00:38,视频,1751687100
1766274232759290,南宁欧米德资门窗厂,2025-08-25 17:02:44,7524649970494917914,我印象最深的线上客户 #南宁门窗 #...窗厂家 #南宁封阳台 #欧米德资门窗,2025-07-08 18:05:05,"['南宁门窗', '南宁门窗定制', '南宁门窗厂家', '南宁封阳台', '欧米德资门窗']",南宁欧米德资门窗厂,12,-1,1,1,"['随拍', '生活记录', '日常vlog']",有一个是印象最深的就是他家里面的床装好了之后是别的同行去他家里面跟他说这个床有问题不行。 然后他又刷到我的视频他就说。 对呀 我就应该是这样装啊 我安装就是应该要这样子搞啊。 那地台刷防水要打钉啊 他说我们家都不是这样的标准是一个万科子台的一个。 然后他过来他把那个窗重新拆掉了 来我这里重做。 其实我没有去他家是别人跟他说不行 然后他在网上刷到我的视频 他来找我的 所以我都在想他把那个窗拆掉说那个同行会被骂我 但真不是我说的 因为我也不跑业务。 我们去装的时候把那个床给他重新拆掉 才装好。,https://www.douyin.com/video/7524649970494917914,True,00:00:43,视频,1751969105
1766274232759290,南宁欧米德资门窗厂,2025-08-25 17:02:44,7525732470336081178,如何和客户相处成朋友 #南宁门窗#...窗厂家 #南宁封阳台 #欧米德资门窗,2025-07-11 16:05:41,"['南宁门窗', '南宁门窗定制', '南宁门窗厂家', '南宁封阳台', '欧米德资门窗']",南宁欧米德资门窗厂,74,3,3,1,"['个人管理', '职场技能', '职场营销']",我喜欢喝酒嘛。 那也很多业主。 他也有同样的爱好的。 有业主约你喝酒吗。 有啊。 我们有很多美女啊。 现在都喜欢喝一点。 有时候我工厂里面。 我不是经常搞聚餐嘛。 我们做火锅啊。 做烧烤啊。 做活动啊。 也会邀邀他们过来。 有时候我们很多业主。 也自己带酒过来。 一大桶。 我准备菜。 他准备酒。 也有。 前几天有个业主还来了。 我们就在工厂旁边。 我们坐在那里吃点东西。 聊天。 很多从抖音过来找我。 那些客户啊。 我们最终都是成为朋友。 关系都很好。 你经常帮我介绍。,https://www.douyin.com/video/7525732470336081178,True,00:00:35,视频,1752221141
1766274232759290,南宁欧米德资门窗厂,2025-08-25 17:02:44,7527253343568203054,我们是如何保证产品质量的 #南宁门...窗定制 #南宁门窗厂家 #南宁封阳台,2025-07-15 18:27:30,"['南宁门窗', '南宁门窗定制', '南宁门窗厂家', '南宁封阳台']",南宁欧米德资门窗厂,172,10,11,2,"['随拍', '生活记录', '日常vlog']",生产上面其实就是细节问题了。 我们的货品做好。 我们要调试。 配搭窗我们是整个框架在工厂里面做好。 包括把我们的推拉扇。 我们都要装在我们的窗框上进行调试。 间隙大不大。 推拉顺不顺畅。 锁扣能不能锁得住。 调试之后我们才能打包去工地的。 包括我们的平开窗。 我们的扇叶都是挂在上面进行调试。 开关了之后。 我们才能打包出货的。 这是第一轮自己师傅先自剪。 自剪了之后我们打包的时候。 打包了师傅他也要看的。 有些有没有划痕。 因为材料从佛山过来那么远。 有时候在车上卸货的时候也怕刮伤。 再就是我们的这种拼接的地方。 是不是平整。 那不平整我们在现场就要师傅处理好。 才能出厂。 所以基本上送到工地很少有出现收货问题。,https://www.douyin.com/video/7527253343568203054,True,00:00:47,视频,1752575250
1766274232759290,南宁欧米德资门窗厂,2025-08-25 17:02:44,7527990403346287923,大玻璃大视野封窗案例 #南宁门窗 #...窗厂家 #南宁封阳台 #欧米德资门窗,2025-07-18 12:10:00,"['南宁门窗', '南宁门窗定制', '南宁门窗厂家', '南宁封阳台', '欧米德资门窗']",南宁欧米德资门窗厂,6,4,3,-1,"['居家', '装修设计', '室内装修效果']",喜欢大玻璃大视野的业主朋友们看过来。 今天带你们来看一套。 保利君月湾的一个大平城的风潮案例。 因为这个户型它是靠近小区花园的。 所以当时业主就跟我提了两点要求。 第一个点的话是要求要国音效果要好。 第二的话是因为我们小区外面的一个环境非常。 业主要求要做到一个光景的效果。 这一户我们当时给建议做的是我们。 欧米德兹112系列的一个无缝断桥平台窗。 合影的效果也是非常的棒。 而且我们能看得到外面这个花园的景色。 是非常的好看。 所以我们给业主做了两片落地玻璃。 相比于一整天。 性价比会非常的高。 我们这款112系列的一个断桥平台窗。 采用的是无缝焊接工艺的。 你是看不到任何拼角的。 并且这个地方还做了一个圆角处理。 也是不伤头哦。 如果你也喜欢这样的观景效果。 欢迎来找林姐。,https://www.douyin.com/video/7527990403346287923,True,00:00:56,视频,1752811800
1766274232759290,南宁欧米德资门窗厂,2025-08-25 17:02:44,7529463879038962995,生活阳台怎么封窗既安全又美观 #南...窗厂家 #南宁封阳台 #欧米德资门窗,2025-07-21 17:25:27,"['南宁门窗', '南宁门窗定制', '南宁门窗厂家', '南宁封阳台', '欧米德资门窗']",南宁欧米德资门窗厂,19,8,5,3,"['居家', '装修设计', '家装主材']",生活阳台怎么封窗。 既安全又通风。 今天来代理看一款我们能打开50%的六轨推拉窗。 像我们这款六轨的推拉窗打开面积到达50%。 通风效果没得说。 特别适合装在生活阳台。 推拉起来特别的丝滑。 就像装了电动轨道一样。 外面还可以加装这种高清高透的沙瓦。 防蚊又有通风。 还可以加装儿童锁垫。 家中有小孩的。 也不用再担心安全问题。 如果你也喜欢这样的大通风的推拉窗。 欢迎来找临捷。,https://www.douyin.com/video/7529463879038962995,True,00:00:33,视频,1753089927
1766274232759290,南宁欧米德资门窗厂,2025-08-25 17:02:44,7530585637741710602,大平层怎么封窗通风又美观 #南宁门...窗厂家 #南宁封阳台 #欧米德资门窗,2025-07-24 17:58:29,"['南宁门窗', '南宁门窗定制', '南宁门窗厂家', '南宁封阳台', '欧米德资门窗']",南宁欧米德资门窗厂,39,1,4,-1,"['居家', '装修设计', '家装主材']",大屏前的蜂床。 怎么样做到既通风又美观。 今天林姐带你来看一套保利追月湾的蜂床落地案例。 哇。 来过来看一下。 我们一进门就能看到外面的景色。 真的是太棒了。 因为这个户型是靠近花园的位置。 所以说我们给业主设计了两片落地。 那单片也达到了有2米5以上。 观景视觉的效果是非常非常的棒。 这个是我们的生活阳台。 所以当时给设计的是一个能打开50%的一个六轨的推拉窗。 来我们试一下它的丝滑度怎么样。 轻轻的一拉你看。 自动的就滑走。 像撞到电灯轨道。 非常的丝滑。 那有些业主担心房纹的问题怎么解决。 所以我们外面也是可以加装这种高透的沙瓦。 房纹通风两不耽误。 效果是非常的棒。 不管您是什么样的户型。 想做什么样的窗户。 来找林姐都能给您专业的建议。 那如果你也有这样的需求。 欢迎来到。 评论区留言。,https://www.douyin.com/video/7530585637741710602,True,00:01:02,视频,1753351109
1766274232759290,南宁欧米德资门窗厂,2025-08-25 17:02:44,7530958092289264906,如何平衡好工作和生活 #南宁门窗 #...窗厂家 #欧米德资门窗 #南宁封阳台,2025-07-27 12:05:00,"['南宁门窗', '南宁门窗厂家', '欧米德资门窗', '南宁封阳台']",南宁欧米德资门窗厂,115,3,5,-1,"['个人管理', '职场技能', '职场营销']",我认为你工作你是为了生活而工作。 但是它不是你的全部。 你在一个地方你工作你要开心。 挣钱这个东西就是你要开心的挣钱。 你不能很压抑。 你就像包括我公司的员工。 都是很有松弛感的。 大家都很相熟了来。 我们大家都是合作伙伴。 每天都很开心。 我们经常有聚餐。 经常买。 他们有时候自己也会带很多东西过来。 整体我公司的人都是正能量比较强的。 因为我就比较正能量。 我离职的那些员工。 我们都没有说去争论争吵。 都没有过。 离职了我们有时候也打交道。 有时候喝酒也一起喝。 过程中我也遭遇了很多的一些背叛。 但是我。 我认为这叫人性。 有些他离职了他自己去外面可能拿货。 什么广西叫酒吧佬是吧。 去做酒吧佬去拿货他可能挣的更多。 我也能理解。 也很多我手把手交出来的人。 那拽手成为我的竞争对手。 但是这个也无所谓。 那么多竞争对手我也不在乎多他一个两个。 但是我们都没有发生过争论。 我骂他他骂我没有。 铁打的银盘流水的病。 有些往上走。 有些他不适合。 这个都正常。 这一点心胸都没有。 那这个人离去你就得心里懊恼。 那个人离去你就睡不着。 你没办法做。,https://www.douyin.com/video/7530958092289264906,True,00:01:14,视频,1753589100
1766274232759290,南宁欧米德资门窗厂,2025-08-25 17:02:44,7533519672847715619,在南宁买门窗 叫什么叫 #南宁门窗 ...窗厂家 #南宁封阳台 #欧米德资门窗,2025-08-01 15:44:07,"['南宁门窗', '南宁门窗定制', '南宁门窗厂家', '南宁封阳台', '欧米德资门窗']",南宁欧米德资门窗厂,15,2,1,1,"['居家', '装修设计', '家装主材']",叫6.0后的六轨特拉窗。 适合喜欢大通风大视野的你。 6.0币后更稳更结实。 高楼层也不用担心摇晃问题。 可以实现50%的通风面积。 尤其是在夏天更舒爽更凉快。 搭配高清沙网。 透风不挡好风景。 标配5大风景。 不用再担心漏水的问题。 近期在蓝林想要风畅的叶子朋友们。 欢迎随时来找我。,https://www.douyin.com/video/7533519672847715619,True,00:00:30,视频,1754034247
1766274232759290,南宁欧米德资门窗厂,2025-08-25 17:02:44,7533519883926113576,不喜欢大玻璃封窗的看过来 #南宁门...窗厂家 #南宁封阳台 #欧米德资门窗,2025-08-03 11:45:00,"['南宁门窗', '南宁门窗定制', '南宁门窗厂家', '南宁封阳台', '欧米德资门窗']",南宁欧米德资门窗厂,38,13,11,5,"['居家', '装修设计', '家装主材']",在南宁你说封窗不喜欢这种大玻璃。 说是这个开窗又小。 打开还容易碰上小孩子的头。 通风效果也达不到。 那你可以来看看我们这款6.0后的八轨配搭窗。 6.0的背后不管你装个10米8米。 在30楼以上你也不用再担心摇晃。 开窗面积达到75%。 就适合喜欢大通风大室内的人。 八条轨道 推拉丝滑。 不占室内空间。 嵌入式设计。 隔音效果非常的好。 您就在马路边上也不用担心噪音问题。 五道防水工艺。 哪怕遇上南宁的暴雨天。 也不用担心渗水。 这款大通风。 大室内的八轨配搭窗。 是您喜欢的吗。 如果您在南宁。 刚好想要风扬台。 记得来到临街。,https://www.douyin.com/video/7533519883926113576,True,00:00:46,视频,1754192700
1766274232759290,南宁欧米德资门窗厂,2025-08-25 17:02:44,7535036450811776298,这不是应该的吗 #南宁门窗 #南宁门...窗厂家 #南宁封阳台 #欧米德资门窗,2025-08-06 11:50:00,"['南宁门窗', '南宁门窗定制', '南宁门窗厂家', '南宁封阳台', '欧米德资门窗']",南宁欧米德资门窗厂,11,1,2,-1,"['居家', '装修设计', '家装主材']",在南宁卖门窗 有个6000平方的门窗工厂不是应该的吗。 车间长期储备大量的女才 不耽误业主的工期 这不是应该的吗 2000平的门窗暂停就在工厂旁。 推拉窗 平开窗 这些市面上主流的窗户 我们这里都齐全 并且还有你在市面上。 找不到的这一款6000后的 这不都是应该的吗 免费上门两尺 自由安装团队。 市府的高额保险都是非常的齐全 这不是应该的吗 做好五道防水。 给业主规避漏水的风险 售后谁叫谁到 这不是应该的吗 正好你在南宁要封窗。 你遇到我这么好的厂家 找我买门窗 不是应该的吗。,https://www.douyin.com/video/7535036450811776298,True,00:00:43,视频,1754452200
1766274232759290,南宁欧米德资门窗厂,2025-08-25 17:02:44,7536153084217527598,家住路边怎么封窗 #南宁门窗 #南宁...窗厂家 #南宁封阳台 #欧米德资门窗,2025-08-09 12:05:00,"['南宁门窗', '南宁门窗定制', '南宁门窗厂家', '南宁封阳台', '欧米德资门窗']",南宁欧米德资门窗厂,8,3,2,-1,"['居家', '装修设计', '家装主材']",家住马路边有噪音溃扰的朋友们。 千万不要错过我们这款。 Obi得知无缝系列的断桥屏盖窗。 来我们现在听一下。 外面的这个噪音声是非常大了。 我们现在关上窗试一下。 密封效果非常的好。 一点声音都没有了。 给你采用。 6063T5的原生女才2.0的B后。 家住50楼。 你也不用担心安全问题。 中间还可以加装这种大玻璃。 让你记想窗外的美景。 无缝焊接工艺的门窗。 安全防水更加的美观。 来你想要封窗的业主朋友们。 一定要过来看看。,https://www.douyin.com/video/7536153084217527598,True,00:00:34,视频,1754712300
1766274232759290,南宁欧米德资门窗厂,2025-08-25 17:02:44,7537259934656793882,江景大阳台这么封窗 #南宁门窗 #南...窗厂家 #南宁封阳台 #欧米德资门窗,2025-08-12 11:40:00,"['南宁门窗', '南宁门窗定制', '南宁门窗厂家', '南宁封阳台', '欧米德资门窗']",南宁欧米德资门窗厂,13,3,6,2,"['居家', '装修设计', '家装主材']",江姐阳台怎么封窗更好看。 今天带大家看一套。 招商月江府的一个封窗落地案例。 九米的大阳台。 外面就是庸江。 业主要求做一整片的落地玻璃。 像这么大一片玻璃。 所以我们采用的是一个夹胶的超白玻。 透光性更好 安全性更高。 并且我们给业主。 业主做的是五道防水工艺。 我们可以看得到外侧的不锈钢的防水板。 已经装好了。 所以我们不用再担心漏水问题。 如果你们家也喜欢做这样的观景大玻璃。 记得来找林姐聊聊。,https://www.douyin.com/video/7537259934656793882,True,00:00:31,视频,1754970000
1766274232759290,南宁欧米德资门窗厂,2025-08-25 17:02:44,7537260298906897715,通风安全一把抓的封窗 北投东境案...窗厂家 #南宁封阳台 #欧米德资门窗,2025-08-15 11:40:00,"['南宁门窗', '南宁门窗定制', '南宁门窗厂家', '南宁封阳台', '欧米德资门窗']",南宁欧米德资门窗厂,11,2,4,1,"['居家', '装修设计', '家装主材']",想要推拉窗的大通风。 但是又担心安全问题的夜子朋友们。 来参考一下我们这一套北投东京的。 推拉窗的风窗案例。 5米多的阳台做了两个玻璃。 打开面积可以到达50%。 你再也不用担心焖热问题。 6条轨道的设计推拉起来更加的丝滑。 就像装了电动轨道一样。 外侧还可以搭配这种高透的纱网。 防蚊防虫的同时。 还不影响您观景视野。 家中有小朋友的。 外面也可以加装这种隐形的防盗网。 您再也不用担心攀爬问题。 这种能打开50%通风的推拉窗。 是你喜欢的吗。 如果您刚好也喜欢这种。 推拉窗可以随时来找零件。,https://www.douyin.com/video/7537260298906897715,True,00:00:41,视频,1755229200
1766274232759290,南宁欧米德资门窗厂,2025-08-25 17:02:44,7540194399947459878,门窗工厂老板的一天 #南宁门窗 #南...窗厂家 #南宁封阳台 #欧米德资门窗,2025-08-19 15:25:27,"['南宁门窗', '南宁门窗定制', '南宁门窗厂家', '南宁封阳台', '欧米德资门窗']",南宁欧米德资门窗厂,8,1,1,-1,"['随拍', '生活记录', '日常vlog']",这是我的老板南宁欧米德兹门窗工厂的零件。 他每天不是在带客户看产品。 就是在给客户介绍产品。 那些用户关心的门窗细节他掰开有谁讲给你。 如果下午看不到他出现。 说明他要么在拍视频。 要么在跑现场。 你说他为啥坚持。 跑在一线他说。 一来到厂里面。 我就带着客户在厂里面转一圈。 这样子他们看得见。 摸得着。 心中的疑惑也才能解开的。,https://www.douyin.com/video/7540194399947459878,True,00:00:46,视频,1755588327
1766274232759290,南宁欧米德资门窗厂,2025-08-25 17:02:44,7541348606838590746,大玻璃封窗怎么做才安全 #南宁门窗...窗厂家 #南宁封阳台 #欧米德资门窗,2025-08-22 18:04:16,"['南宁门窗', '南宁门窗定制', '南宁门窗厂家', '南宁封阳台', '欧米德资门窗']",南宁欧米德资门窗厂,7,-1,-1,1,"['居家', '装修设计', '家装主材']",4000斤的玻璃。 怎么样做采购安全。 今天林姐来给一个粉丝做验收。 首先像我们这么大的一个框架。 那么我们的型材。 一定要选择沉重达到4.0以上的材料。 这样子采购安全稳固。 第二点像这么大的玻璃。 那么我们一定要采用15夹15以上的一个夹胶玻璃。 这样采购安全。 三分产品七分安装。 那么我们这么大的框架。 打钉尤为重要。 像打钉的话。 我们间隔是35到40厘米。 要交叉来打。 并且要采用膨胀和死钉。 千万不能用那种小黄鱼了。 而且底部一定要采用这种门窗专用的防水沙浆。 这一侧要把这个不锈钢的防水板给装好。 这样子可以杜绝入水的问题。 做这样的大玻璃。 林姐是非常专业的。 如果你们家刚好也有这种大玻璃的需求。 可以随时来找林姐。,https://www.douyin.com/video/7541348606838590746,True,00:00:51,视频,1755857056
1766274232759290,南宁欧米德资门窗厂,2025-08-25 17:02:44,7541348890503580938,怎么封窗隔音又通风 #南宁门窗 #南...窗厂家 #南宁封阳台 #欧米德资门窗,2025-08-25 12:05:00,"['南宁门窗', '南宁门窗定制', '南宁门窗厂家', '南宁封阳台', '欧米德资门窗']",南宁欧米德资门窗厂,4,-1,-1,-1,"['居家', '装修设计', '家装主材']",怎么样封窗保证既通风又隔音。 今天来到我们北投东晋。 来给看一下我们粉丝家的一个封窗案例。 我们现在看到的是一个客厅的位置。 正面有五米多长。 所以我们给他做了一款是可以打开50%的推拉窗。 五米的阳台做了两扇玻璃。 通风视野效果都是非常的棒。 那有。 人担心小孩的安全问题。 所以我们在外侧也给加装了这种隐形的防盗网。 你再不用担心小孩问题了。 走我们去看一下他的卧室。 现在我们来到的是卧室。 因为这个卧室它临近马路。 所以我们也考虑了一个隔音的问题。 那么我们给业主做的是欧米德兹的一个。 112的无缝系列的断桥瓶开刷。 隔音效果是非常的棒。 那么整个窗户我们给设计了三个开窗。 通风也是杠杠的。 中间的这一片玻璃。 我们给业主加了一个横杠。 相比于一整片落地的玻璃来说。 性价比会更高。 那么我过来看一下。 虽然说加了一个横杠。 但是我们对外的视觉效果是没有受到一丁点的影响。 像这个阳光房的位置。 我们也是给业主做的是欧米德兹的平开断桥窗。 气密度也是非常的好。 来看一下我们这个胶打得非常的丝滑。 没有塞斯连的工底是打不出这种效果的。 并且我们所有的窗户给业主都是做到了古道防水。 你可以过来看外设的这个不锈钢的防水挡板。 也不用再担心这种漏水的问题。,https://www.douyin.com/video/7541348890503580938,True,00:01:28,视频,1756094700


=== 商家统计信息 ===
总视频数,119
转录覆盖数,117
转录覆盖率,98.3%
总点赞数,11590
总评论数,1554
总收藏数,2034
总分享数,990
平均点赞数,97.4
平均评论数,13.1
平均收藏数,17.1
平均分享数,8.3
最早发布,2024-08-13 15:11:22
最新发布,2025-08-25 12:05:00
标签数量,13
主要标签,['职场营销', '装修过程', '居家', '职场技能', '生活记录', '家装主材', '家具家电', '猎奇好物', '个人管理', '装修设计']
商家UID,1766274232759290
商家名称,南宁欧米德资门窗厂
文件夹名称,UID1766274232759290_南宁欧米德资门窗厂_发布作品
